{"split": "perplexity evaluation", "num_ex": 1327, "avg_loss": 2.2297214257959683, "avg_seq_perplexity": 9.61113678645441}