{"split": "perplexity evaluation", "num_ex": 1327, "avg_loss": 2.2621494457069518, "avg_seq_perplexity": 9.930687611859458}