{"split": "perplexity evaluation", "num_ex": 1327, "avg_loss": 2.2009744651351735, "avg_seq_perplexity": 9.332960713781086}