{"split": "perplexity evaluation", "num_ex": 1327, "avg_loss": 2.2995246708977017, "avg_seq_perplexity": 10.279242417106255}