{"split": "perplexity evaluation", "num_ex": 1327, "avg_loss": 2.260369445294838, "avg_seq_perplexity": 9.912695901233986}