{"split": "perplexity evaluation", "num_ex": 1327, "avg_loss": 2.2155195062288056, "avg_seq_perplexity": 9.475397542624341}