{"split": "perplexity evaluation", "num_ex": 1327, "avg_loss": 2.387921791105407, "avg_seq_perplexity": 11.300249917577242}