{"split": "perplexity evaluation", "num_ex": 1327, "avg_loss": 2.266104082281462, "avg_seq_perplexity": 9.965517114496986}