{"split": "perplexity evaluation", "num_ex": 1327, "avg_loss": 2.276950954043425, "avg_seq_perplexity": 10.077493582799548}