{"split": "perplexity evaluation", "num_ex": 1327, "avg_loss": 2.2730645738154673, "avg_seq_perplexity": 10.036004026940468}