{"split": "perplexity evaluation", "num_ex": 1327, "avg_loss": 2.217812625105972, "avg_seq_perplexity": 9.498662837933308}