{"split": "perplexity evaluation", "num_ex": 1327, "avg_loss": 2.216287068163621, "avg_seq_perplexity": 9.482316638799924}