{"split": "perplexity evaluation", "num_ex": 1327, "avg_loss": 2.215915797793425, "avg_seq_perplexity": 9.480189101356443}