{"split": "perplexity evaluation", "num_ex": 1327, "avg_loss": 2.204602170367841, "avg_seq_perplexity": 9.36653989261492}