{"split": "perplexity evaluation", "num_ex": 1327, "avg_loss": 2.2620408978782027, "avg_seq_perplexity": 9.934362047852298}