{"split": "perplexity evaluation", "num_ex": 1327, "avg_loss": 2.2629416608774493, "avg_seq_perplexity": 9.934300966701207}