{"split": "perplexity evaluation", "num_ex": 1327, "avg_loss": 2.2664545629827617, "avg_seq_perplexity": 9.967346605359834}