{"split": "perplexity evaluation", "num_ex": 1327, "avg_loss": 2.2023898184344386, "avg_seq_perplexity": 9.344301202194801}