{"split": "perplexity evaluation", "num_ex": 1327, "avg_loss": 2.276418149785701, "avg_seq_perplexity": 10.070569335201583}