{"split": "perplexity evaluation", "num_ex": 1327, "avg_loss": 2.2172509360870385, "avg_seq_perplexity": 9.49276519522419}