{"split": "perplexity evaluation", "num_ex": 1327, "avg_loss": 2.408550662031368, "avg_seq_perplexity": 11.547617540740392}