{"split": "perplexity evaluation", "num_ex": 1327, "avg_loss": 2.4373655110799737, "avg_seq_perplexity": 11.909709548087791}