{"split": "perplexity evaluation", "num_ex": 1327, "avg_loss": 2.2095146035465336, "avg_seq_perplexity": 9.418412508242275}