{"split": "perplexity evaluation", "num_ex": 1327, "avg_loss": 2.3607447264153163, "avg_seq_perplexity": 10.96968093561605}