{"split": "perplexity evaluation", "num_ex": 1327, "avg_loss": 2.21578406856396, "avg_seq_perplexity": 9.47787979229465}