{"split": "perplexity evaluation", "num_ex": 1327, "avg_loss": 2.2738650680576487, "avg_seq_perplexity": 10.041676478899774}