{"split": "perplexity evaluation", "num_ex": 1327, "avg_loss": 2.267680601509514, "avg_seq_perplexity": 9.979914604135267}