{"split": "perplexity evaluation", "num_ex": 1327, "avg_loss": 2.219103424371232, "avg_seq_perplexity": 9.504218279012811}