{"split": "perplexity evaluation", "num_ex": 1327, "avg_loss": 2.20108963622127, "avg_seq_perplexity": 9.33649090994725}