{"split": "perplexity evaluation", "num_ex": 1327, "avg_loss": 2.211208501613131, "avg_seq_perplexity": 9.435073680058402}