{"split": "perplexity evaluation", "num_ex": 1327, "avg_loss": 2.2028825151893368, "avg_seq_perplexity": 9.352467678504144}