{"split": "perplexity evaluation", "num_ex": 1327, "avg_loss": 2.24225520440844, "avg_seq_perplexity": 9.741470716371515}