{"split": "perplexity evaluation", "num_ex": 1327, "avg_loss": 2.21817708823945, "avg_seq_perplexity": 9.499727710531273}