{"split": "perplexity evaluation", "num_ex": 1327, "avg_loss": 2.273866539892615, "avg_seq_perplexity": 10.045323685945743}