{"split": "perplexity evaluation", "num_ex": 1327, "avg_loss": 2.201365053339299, "avg_seq_perplexity": 9.337636733468349}