{"split": "perplexity evaluation", "num_ex": 1327, "avg_loss": 2.400132501942822, "avg_seq_perplexity": 11.45020267167483}