{"split": "perplexity evaluation", "num_ex": 1327, "avg_loss": 2.2135073238507914, "avg_seq_perplexity": 9.448195824698567}