{"split": "perplexity evaluation", "num_ex": 1327, "avg_loss": 2.218225290834589, "avg_seq_perplexity": 9.500732973813113}