{"split": "perplexity evaluation", "num_ex": 1327, "avg_loss": 2.2466031888776374, "avg_seq_perplexity": 9.780129933590807}