{"split": "perplexity evaluation", "num_ex": 1327, "avg_loss": 2.3263216342077997, "avg_seq_perplexity": 10.595943034099472}