{"split": "perplexity evaluation", "num_ex": 1327, "avg_loss": 2.211584187488225, "avg_seq_perplexity": 9.437062865015072}