{"split": "perplexity evaluation", "num_ex": 1327, "avg_loss": 2.217103568611059, "avg_seq_perplexity": 9.482300448615298}