{"split": "perplexity evaluation", "num_ex": 1327, "avg_loss": 2.255432726839205, "avg_seq_perplexity": 9.868172157592314}