{"split": "perplexity evaluation", "num_ex": 1327, "avg_loss": 2.220324311475603, "avg_seq_perplexity": 9.524500900763}