{"split": "perplexity evaluation", "num_ex": 1327, "avg_loss": 2.254441445989544, "avg_seq_perplexity": 9.85551437688395}