{"split": "perplexity evaluation", "num_ex": 1327, "avg_loss": 2.2105651257535794, "avg_seq_perplexity": 9.430268874811604}