{"split": "perplexity evaluation", "num_ex": 1327, "avg_loss": 2.2550156456056896, "avg_seq_perplexity": 9.863207658251696}