{"split": "perplexity evaluation", "num_ex": 1327, "avg_loss": 2.268098050701771, "avg_seq_perplexity": 9.987834548087791}