{"split": "perplexity evaluation", "num_ex": 1327, "avg_loss": 2.2437218879521477, "avg_seq_perplexity": 9.752142255793142}