{"split": "perplexity evaluation", "num_ex": 1327, "avg_loss": 2.3163102127684625, "avg_seq_perplexity": 10.447148614120197}