{"split": "perplexity evaluation", "num_ex": 1327, "avg_loss": 2.408347732785418, "avg_seq_perplexity": 11.54336761727581}