{"split": "perplexity evaluation", "num_ex": 1327, "avg_loss": 2.2720330014836096, "avg_seq_perplexity": 10.025077860069706}