{"split": "perplexity evaluation", "num_ex": 1327, "avg_loss": 2.287059332611153, "avg_seq_perplexity": 10.14646744889789}