{"split": "perplexity evaluation", "num_ex": 1327, "avg_loss": 2.2009490759820083, "avg_seq_perplexity": 9.333990998257347}