{"split": "perplexity evaluation", "num_ex": 1327, "avg_loss": 2.217557813677468, "avg_seq_perplexity": 9.494321660700829}