{"split": "perplexity evaluation", "num_ex": 1327, "avg_loss": 2.2448379068151847, "avg_seq_perplexity": 9.767927685804446}