{"split": "perplexity evaluation", "num_ex": 1327, "avg_loss": 2.305898268238979, "avg_seq_perplexity": 10.343997268274302}