{"split": "perplexity evaluation", "num_ex": 1327, "avg_loss": 2.2641669634867183, "avg_seq_perplexity": 9.9484938712792}