{"split": "perplexity evaluation", "num_ex": 1327, "avg_loss": 2.272565069823851, "avg_seq_perplexity": 10.033361347258854}