{"split": "perplexity evaluation", "num_ex": 1327, "avg_loss": 2.289422915587321, "avg_seq_perplexity": 10.235124899915222}