{"split": "perplexity evaluation", "num_ex": 1327, "avg_loss": 2.2511739723648265, "avg_seq_perplexity": 9.820006358327053}