{"split": "perplexity evaluation", "num_ex": 1327, "avg_loss": 2.246282512834401, "avg_seq_perplexity": 9.746895900056519}