{"split": "perplexity evaluation", "num_ex": 1327, "avg_loss": 2.2063687402858894, "avg_seq_perplexity": 9.386927014647702}