{"split": "perplexity evaluation", "num_ex": 1327, "avg_loss": 2.1997099749199323, "avg_seq_perplexity": 9.322392938724567}