{"split": "perplexity evaluation", "num_ex": 1327, "avg_loss": 2.2644771527058216, "avg_seq_perplexity": 9.94881031579691}