{"split": "perplexity evaluation", "num_ex": 1327, "avg_loss": 2.2539321910912773, "avg_seq_perplexity": 9.852586161218914}