{"split": "perplexity evaluation", "num_ex": 1327, "avg_loss": 2.200995622762811, "avg_seq_perplexity": 9.333411831198191}