{"split": "perplexity evaluation", "num_ex": 1327, "avg_loss": 2.2019902152411452, "avg_seq_perplexity": 9.344339469903918}