{"split": "perplexity evaluation", "num_ex": 1327, "avg_loss": 2.2028332087179727, "avg_seq_perplexity": 9.351195277175961}