{"split": "perplexity evaluation", "num_ex": 1327, "avg_loss": 2.2017346678951584, "avg_seq_perplexity": 9.340620142944612}