{"split": "perplexity evaluation", "num_ex": 1327, "avg_loss": 2.200941532827807, "avg_seq_perplexity": 9.333581828136774}