{"split": "perplexity evaluation", "num_ex": 1327, "avg_loss": 2.283768309626978, "avg_seq_perplexity": 10.117154383713263}