{"split": "perplexity evaluation", "num_ex": 1327, "avg_loss": 2.252669356690373, "avg_seq_perplexity": 9.827849030943858}