{"split": "perplexity evaluation", "num_ex": 1327, "avg_loss": 2.2583752928951584, "avg_seq_perplexity": 9.892508212839111}