{"split": "perplexity evaluation", "num_ex": 1327, "avg_loss": 2.2765268815938207, "avg_seq_perplexity": 10.070216094809721}