{"split": "perplexity evaluation", "num_ex": 1327, "avg_loss": 2.271674793648738, "avg_seq_perplexity": 10.02677562170309}