{"split": "perplexity evaluation", "num_ex": 1327, "avg_loss": 2.2268463801690843, "avg_seq_perplexity": 9.586716836614544}