{"split": "perplexity evaluation", "num_ex": 1327, "avg_loss": 2.278133941397419, "avg_seq_perplexity": 10.086166370337226}