{"split": "perplexity evaluation", "num_ex": 1327, "avg_loss": 2.258978745231255, "avg_seq_perplexity": 9.902310633713263}