{"split": "perplexity evaluation", "num_ex": 1327, "avg_loss": 2.277127206280614, "avg_seq_perplexity": 10.078777022889977}