{"split": "perplexity evaluation", "num_ex": 1327, "avg_loss": 2.248323212014883, "avg_seq_perplexity": 9.781617958741522}