{"split": "perplexity evaluation", "num_ex": 1327, "avg_loss": 2.215837422581481, "avg_seq_perplexity": 9.47687894451771}