{"split": "perplexity evaluation", "num_ex": 1327, "avg_loss": 2.2263200151893368, "avg_seq_perplexity": 9.576009973153731}