{"split": "perplexity evaluation", "num_ex": 1327, "avg_loss": 2.2681576600178976, "avg_seq_perplexity": 9.999830003061417}