{"split": "perplexity evaluation", "num_ex": 1327, "avg_loss": 2.2746907674736248, "avg_seq_perplexity": 10.048510944564807}