{"split": "perplexity evaluation", "num_ex": 1327, "avg_loss": 2.2477953752001696, "avg_seq_perplexity": 9.776442987000754}