{"split": "perplexity evaluation", "num_ex": 1327, "avg_loss": 2.213099993523926, "avg_seq_perplexity": 9.448630751931047}