{"split": "perplexity evaluation", "num_ex": 1327, "avg_loss": 2.265477080585908, "avg_seq_perplexity": 9.965330927373776}