{"split": "perplexity evaluation", "num_ex": 1327, "avg_loss": 2.2719722882912583, "avg_seq_perplexity": 10.024646612424641}