{"split": "perplexity evaluation", "num_ex": 1327, "avg_loss": 2.215811665469574, "avg_seq_perplexity": 9.479514265024491}