{"split": "perplexity evaluation", "num_ex": 1327, "avg_loss": 2.2141311978970424, "avg_seq_perplexity": 9.461354765212887}