{"split": "perplexity evaluation", "num_ex": 1327, "avg_loss": 2.3296332628814995, "avg_seq_perplexity": 10.63280514082517}