{"split": "perplexity evaluation", "num_ex": 1327, "avg_loss": 2.2065510638423134, "avg_seq_perplexity": 9.388821266249058}