{"split": "perplexity evaluation", "num_ex": 1327, "avg_loss": 2.24071787278636, "avg_seq_perplexity": 9.72247227062924}