{"split": "perplexity evaluation", "num_ex": 1327, "avg_loss": 2.2703385514788996, "avg_seq_perplexity": 10.013770487942727}