{"split": "perplexity evaluation", "num_ex": 1327, "avg_loss": 2.2168351427091184, "avg_seq_perplexity": 9.488948727157121}