{"split": "perplexity evaluation", "num_ex": 1327, "avg_loss": 2.2181327492110965, "avg_seq_perplexity": 9.503008430670686}