{"split": "perplexity evaluation", "num_ex": 1327, "avg_loss": 2.216627429999529, "avg_seq_perplexity": 9.487553427609269}