{"split": "perplexity evaluation", "num_ex": 1327, "avg_loss": 2.371468699957611, "avg_seq_perplexity": 11.10623484009985}