{"split": "perplexity evaluation", "num_ex": 1327, "avg_loss": 2.267055255628297, "avg_seq_perplexity": 9.975050925489827}