{"split": "perplexity evaluation", "num_ex": 1327, "avg_loss": 2.2238620507959683, "avg_seq_perplexity": 9.557612036077618}