{"split": "perplexity evaluation", "num_ex": 1327, "avg_loss": 2.2119243653447627, "avg_seq_perplexity": 9.433919761444988}