{"split": "perplexity evaluation", "num_ex": 1327, "avg_loss": 2.2117490330044274, "avg_seq_perplexity": 9.433346481725698}