{"split": "perplexity evaluation", "num_ex": 1327, "avg_loss": 2.2548476724401847, "avg_seq_perplexity": 9.86486935992841}