{"split": "perplexity evaluation", "num_ex": 1327, "avg_loss": 2.2345210796203845, "avg_seq_perplexity": 9.65335416470422}