{"split": "perplexity evaluation", "num_ex": 1327, "avg_loss": 2.2627197817563114, "avg_seq_perplexity": 9.955449027411454}