{"split": "perplexity evaluation", "num_ex": 1327, "avg_loss": 2.259247355112566, "avg_seq_perplexity": 9.910925283769782}