{"split": "perplexity evaluation", "num_ex": 1327, "avg_loss": 2.3056657183143368, "avg_seq_perplexity": 10.336977351403542}