{"split": "perplexity evaluation", "num_ex": 1327, "avg_loss": 2.210445539162585, "avg_seq_perplexity": 9.426169078513565}