{"split": "perplexity evaluation", "num_ex": 1327, "avg_loss": 2.272754936534476, "avg_seq_perplexity": 10.034863354841749}