{"split": "perplexity evaluation", "num_ex": 1327, "avg_loss": 2.27677083823945, "avg_seq_perplexity": 10.072615185804446}