{"split": "perplexity evaluation", "num_ex": 1327, "avg_loss": 2.2729806792224, "avg_seq_perplexity": 10.035202612801433}