{"split": "perplexity evaluation", "num_ex": 1327, "avg_loss": 2.252722526728523, "avg_seq_perplexity": 9.848136804116429}