{"split": "perplexity evaluation", "num_ex": 1327, "avg_loss": 2.215906598824887, "avg_seq_perplexity": 9.478555364544084}