{"split": "perplexity evaluation", "num_ex": 1327, "avg_loss": 2.236073865509608, "avg_seq_perplexity": 9.66845666329126}