{"split": "perplexity evaluation", "num_ex": 1327, "avg_loss": 2.265440100732385, "avg_seq_perplexity": 9.956132694753203}