{"split": "perplexity evaluation", "num_ex": 1327, "avg_loss": 2.239461293684062, "avg_seq_perplexity": 9.714037184438583}