{"split": "perplexity evaluation", "num_ex": 1327, "avg_loss": 2.248629169708459, "avg_seq_perplexity": 9.800298488131123}