{"split": "perplexity evaluation", "num_ex": 1327, "avg_loss": 2.202659164233233, "avg_seq_perplexity": 9.35009728829126}