{"split": "perplexity evaluation", "num_ex": 1327, "avg_loss": 2.243131682130746, "avg_seq_perplexity": 9.738073721269782}