{"split": "perplexity evaluation", "num_ex": 1327, "avg_loss": 2.2696824810427656, "avg_seq_perplexity": 10.000484969621326}