{"split": "perplexity evaluation", "num_ex": 1327, "avg_loss": 2.2012969809721175, "avg_seq_perplexity": 9.336309138328938}