{"split": "perplexity evaluation", "num_ex": 1327, "avg_loss": 2.2661793298441033, "avg_seq_perplexity": 9.966131605595328}