{"split": "perplexity evaluation", "num_ex": 1327, "avg_loss": 2.223785331398361, "avg_seq_perplexity": 9.556036436746421}