{"split": "perplexity evaluation", "num_ex": 1327, "avg_loss": 2.2623582622927656, "avg_seq_perplexity": 9.932355936793519}