{"split": "perplexity evaluation", "num_ex": 1327, "avg_loss": 2.217276693198945, "avg_seq_perplexity": 9.492743853617181}