{"split": "perplexity evaluation", "num_ex": 1327, "avg_loss": 2.2164359074745668, "avg_seq_perplexity": 9.483283634372645}