{"split": "perplexity evaluation", "num_ex": 1327, "avg_loss": 2.2498885085013187, "avg_seq_perplexity": 9.819030531744536}