{"split": "perplexity evaluation", "num_ex": 1327, "avg_loss": 3.456339119607197, "avg_seq_perplexity": 56.56460178033157}