{"split": "perplexity evaluation", "num_ex": 1327, "avg_loss": 2.220621254180011, "avg_seq_perplexity": 9.525057990297665}