{"split": "perplexity evaluation", "num_ex": 1327, "avg_loss": 2.250193178339299, "avg_seq_perplexity": 9.821464946778448}