{"split": "perplexity evaluation", "num_ex": 1327, "avg_loss": 2.263822186145912, "avg_seq_perplexity": 9.950407256735117}