{"split": "perplexity evaluation", "num_ex": 1327, "avg_loss": 2.2673935936911267, "avg_seq_perplexity": 9.983901805058402}