{"split": "perplexity evaluation", "num_ex": 1327, "avg_loss": 2.2014193272536735, "avg_seq_perplexity": 9.337945818811228}