{"split": "perplexity evaluation", "num_ex": 1327, "avg_loss": 2.252776432684156, "avg_seq_perplexity": 9.845853252166542}