{"split": "perplexity evaluation", "num_ex": 1327, "avg_loss": 2.2285671392238133, "avg_seq_perplexity": 9.599306176996986}