{"split": "perplexity evaluation", "num_ex": 1327, "avg_loss": 2.247178676349378, "avg_seq_perplexity": 9.773375682931425}