{"split": "perplexity evaluation", "num_ex": 1327, "avg_loss": 2.2010868765307086, "avg_seq_perplexity": 9.332334448003014}