{"split": "perplexity evaluation", "num_ex": 1327, "avg_loss": 2.2250139456363036, "avg_seq_perplexity": 9.563321283911078}