{"split": "perplexity evaluation", "num_ex": 1327, "avg_loss": 2.250810245148832, "avg_seq_perplexity": 9.82189619442351}