{"split": "perplexity evaluation", "num_ex": 1327, "avg_loss": 2.2492556194659006, "avg_seq_perplexity": 9.810983274067445}