{"split": "perplexity evaluation", "num_ex": 1327, "avg_loss": 2.217643180105501, "avg_seq_perplexity": 9.498628985729088}