{"split": "perplexity evaluation", "num_ex": 1327, "avg_loss": 2.244588614767803, "avg_seq_perplexity": 9.759644198615298}