{"split": "perplexity evaluation", "num_ex": 1327, "avg_loss": 2.233607806023926, "avg_seq_perplexity": 9.655926932224943}