{"split": "perplexity evaluation", "num_ex": 1327, "avg_loss": 2.3071123481066316, "avg_seq_perplexity": 10.343713204125848}