{"split": "perplexity evaluation", "num_ex": 1327, "avg_loss": 2.2009465002708177, "avg_seq_perplexity": 9.33304166470422}