{"split": "perplexity evaluation", "num_ex": 1327, "avg_loss": 2.252418960766767, "avg_seq_perplexity": 9.841740209353805}