{"split": "perplexity evaluation", "num_ex": 1327, "avg_loss": 2.201367445071119, "avg_seq_perplexity": 9.336438659805953}