{"split": "perplexity evaluation", "num_ex": 1327, "avg_loss": 2.2774287484692914, "avg_seq_perplexity": 10.08359286689902}