{"split": "perplexity evaluation", "num_ex": 1327, "avg_loss": 2.211434244301055, "avg_seq_perplexity": 9.431617075640542}