{"split": "perplexity evaluation", "num_ex": 1327, "avg_loss": 2.2693844344621326, "avg_seq_perplexity": 10.023950434485682}