{"split": "perplexity evaluation", "num_ex": 1327, "avg_loss": 2.2003879389011867, "avg_seq_perplexity": 9.328188288903542}