{"split": "perplexity evaluation", "num_ex": 1327, "avg_loss": 2.268255721022513, "avg_seq_perplexity": 9.984945336049359}