{"split": "perplexity evaluation", "num_ex": 1327, "avg_loss": 2.217022801667295, "avg_seq_perplexity": 9.48975087721364}