{"split": "perplexity evaluation", "num_ex": 1327, "avg_loss": 2.2650570556824605, "avg_seq_perplexity": 9.958017379427279}