{"split": "perplexity evaluation", "num_ex": 1327, "avg_loss": 2.347006986800584, "avg_seq_perplexity": 10.820924783345893}