{"split": "perplexity evaluation", "num_ex": 1327, "avg_loss": 2.277874346505275, "avg_seq_perplexity": 10.084429605077242}