{"split": "perplexity evaluation", "num_ex": 1327, "avg_loss": 2.2131366054187076, "avg_seq_perplexity": 9.449906832846647}