{"split": "perplexity evaluation", "num_ex": 1327, "avg_loss": 2.256276824192257, "avg_seq_perplexity": 9.875019869772043}