{"split": "perplexity evaluation", "num_ex": 1327, "avg_loss": 2.2066027620454975, "avg_seq_perplexity": 9.388473177279579}