{"split": "perplexity evaluation", "num_ex": 1327, "avg_loss": 2.254779048134891, "avg_seq_perplexity": 9.860066026516579}