{"split": "perplexity evaluation", "num_ex": 1327, "avg_loss": 2.241894052903636, "avg_seq_perplexity": 9.735242646712509}