{"split": "perplexity evaluation", "num_ex": 1327, "avg_loss": 2.2213656347141106, "avg_seq_perplexity": 9.531820336049359}