{"split": "perplexity evaluation", "num_ex": 1327, "avg_loss": 2.2067251083270536, "avg_seq_perplexity": 9.394481207611152}