{"split": "perplexity evaluation", "num_ex": 1327, "avg_loss": 2.3343891296156745, "avg_seq_perplexity": 10.679253308685004}