{"split": "perplexity evaluation", "num_ex": 1327, "avg_loss": 2.248118442975226, "avg_seq_perplexity": 9.803276746185004}