{"split": "perplexity evaluation", "num_ex": 1327, "avg_loss": 2.224188062240957, "avg_seq_perplexity": 9.557143992558402}