{"split": "perplexity evaluation", "num_ex": 1327, "avg_loss": 2.217533160441786, "avg_seq_perplexity": 9.493392932837226}