{"split": "perplexity evaluation", "num_ex": 1327, "avg_loss": 2.252328810875094, "avg_seq_perplexity": 9.838251224566692}