{"split": "perplexity evaluation", "num_ex": 1327, "avg_loss": 2.2750762042553694, "avg_seq_perplexity": 10.055494065561417}