{"split": "perplexity evaluation", "num_ex": 1327, "avg_loss": 2.215441314996232, "avg_seq_perplexity": 9.476720722258854}