{"split": "perplexity evaluation", "num_ex": 1327, "avg_loss": 2.2208175601686135, "avg_seq_perplexity": 9.52655337462321}