{"split": "perplexity evaluation", "num_ex": 1327, "avg_loss": 2.214006643863037, "avg_seq_perplexity": 9.461228187405803}