{"split": "perplexity evaluation", "num_ex": 1327, "avg_loss": 2.2731457087179727, "avg_seq_perplexity": 10.036201252825924}