{"split": "perplexity evaluation", "num_ex": 1327, "avg_loss": 2.2141725932554635, "avg_seq_perplexity": 9.462084795356066}