{"split": "perplexity evaluation", "num_ex": 1327, "avg_loss": 2.308616195483233, "avg_seq_perplexity": 10.364660359363226}