{"split": "perplexity evaluation", "num_ex": 1327, "avg_loss": 2.330221444929823, "avg_seq_perplexity": 10.641802467972871}