{"split": "perplexity evaluation", "num_ex": 1327, "avg_loss": 2.262246218855972, "avg_seq_perplexity": 9.928059650527505}