{"split": "perplexity evaluation", "num_ex": 1327, "avg_loss": 2.2297661327830633, "avg_seq_perplexity": 9.612912555340994}