{"split": "perplexity evaluation", "num_ex": 1327, "avg_loss": 2.301101006146383, "avg_seq_perplexity": 10.296563706904672}