{"split": "perplexity evaluation", "num_ex": 1327, "avg_loss": 2.220334246361624, "avg_seq_perplexity": 9.521830256217031}