{"split": "perplexity evaluation", "num_ex": 1327, "avg_loss": 2.2157182039492276, "avg_seq_perplexity": 9.477104871185004}