{"split": "perplexity evaluation", "num_ex": 1327, "avg_loss": 2.210670729912396, "avg_seq_perplexity": 9.43112327500942}