{"split": "perplexity evaluation", "num_ex": 1327, "avg_loss": 2.2733992322908816, "avg_seq_perplexity": 10.039458423605877}