{"split": "perplexity evaluation", "num_ex": 1327, "avg_loss": 2.2439305205585907, "avg_seq_perplexity": 9.735185245148832}