{"split": "perplexity evaluation", "num_ex": 1327, "avg_loss": 2.273216540775716, "avg_seq_perplexity": 10.044032886680482}