{"split": "perplexity evaluation", "num_ex": 1327, "avg_loss": 2.248948005957988, "avg_seq_perplexity": 9.79673002425584}