{"split": "perplexity evaluation", "num_ex": 1327, "avg_loss": 2.4238632650598153, "avg_seq_perplexity": 11.731008177515072}