{"split": "perplexity evaluation", "num_ex": 1327, "avg_loss": 2.230491379462604, "avg_seq_perplexity": 9.623158734457423}