{"split": "perplexity evaluation", "num_ex": 1327, "avg_loss": 2.255052993417954, "avg_seq_perplexity": 9.863543972541446}