{"split": "perplexity evaluation", "num_ex": 1327, "avg_loss": 2.2227051885126223, "avg_seq_perplexity": 9.544821054304823}