{"split": "perplexity evaluation", "num_ex": 1327, "avg_loss": 2.2273694335201584, "avg_seq_perplexity": 9.594212156179353}