{"split": "perplexity evaluation", "num_ex": 1327, "avg_loss": 2.2641837056094576, "avg_seq_perplexity": 9.946966106584402}