{"split": "perplexity evaluation", "num_ex": 1327, "avg_loss": 2.2103380952100604, "avg_seq_perplexity": 9.42624267026187}