{"split": "perplexity evaluation", "num_ex": 1327, "avg_loss": 2.2030057813677466, "avg_seq_perplexity": 9.355370137057273}