{"split": "perplexity evaluation", "num_ex": 1327, "avg_loss": 2.246544315478994, "avg_seq_perplexity": 9.785086337839111}