{"split": "perplexity evaluation", "num_ex": 1327, "avg_loss": 2.248788495843538, "avg_seq_perplexity": 9.806973259702335}