{"split": "perplexity evaluation", "num_ex": 1327, "avg_loss": 2.2579337424053314, "avg_seq_perplexity": 9.882886091748304}