{"split": "perplexity evaluation", "num_ex": 1327, "avg_loss": 2.2096693301973436, "avg_seq_perplexity": 9.417180582375659}