{"split": "perplexity evaluation", "num_ex": 1327, "avg_loss": 2.2210269286925395, "avg_seq_perplexity": 9.5302344338734}