{"split": "perplexity evaluation", "num_ex": 1327, "avg_loss": 2.2211844150339113, "avg_seq_perplexity": 9.526791811887717}