{"split": "perplexity evaluation", "num_ex": 1327, "avg_loss": 2.2469877057625283, "avg_seq_perplexity": 9.790294425866616}