{"split": "perplexity evaluation", "num_ex": 1327, "avg_loss": 2.2013856590288245, "avg_seq_perplexity": 9.3370399043896}