{"split": "perplexity evaluation", "num_ex": 1327, "avg_loss": 2.209734642873964, "avg_seq_perplexity": 9.41993880110211}