{"split": "perplexity evaluation", "num_ex": 1327, "avg_loss": 2.2014603546533533, "avg_seq_perplexity": 9.337964216748304}