{"split": "perplexity evaluation", "num_ex": 1327, "avg_loss": 2.2166918227792953, "avg_seq_perplexity": 9.487936104700452}