{"split": "perplexity evaluation", "num_ex": 1327, "avg_loss": 2.2022087827336096, "avg_seq_perplexity": 9.346303633666164}