{"split": "perplexity evaluation", "num_ex": 1327, "avg_loss": 2.23823047169367, "avg_seq_perplexity": 9.698511533298793}