{"split": "perplexity evaluation", "num_ex": 1327, "avg_loss": 2.20051194099708, "avg_seq_perplexity": 9.330198815467218}