{"split": "perplexity evaluation", "num_ex": 1327, "avg_loss": 2.2077888770487943, "avg_seq_perplexity": 9.39791058308214}