{"split": "perplexity evaluation", "num_ex": 1327, "avg_loss": 2.2033279292459493, "avg_seq_perplexity": 9.354254486152977}