{"split": "perplexity evaluation", "num_ex": 1327, "avg_loss": 2.2194049665599094, "avg_seq_perplexity": 9.512073462226827}