{"split": "perplexity evaluation", "num_ex": 1327, "avg_loss": 2.25040125900763, "avg_seq_perplexity": 9.818222494348154}