{"split": "perplexity evaluation", "num_ex": 1327, "avg_loss": 2.258947468738225, "avg_seq_perplexity": 9.89896441691786}