{"split": "perplexity evaluation", "num_ex": 1327, "avg_loss": 2.263329857349755, "avg_seq_perplexity": 9.93839929116428}