{"split": "perplexity evaluation", "num_ex": 1327, "avg_loss": 2.3114264803716087, "avg_seq_perplexity": 10.445980713074604}