{"split": "perplexity evaluation", "num_ex": 1327, "avg_loss": 2.20915602775292, "avg_seq_perplexity": 9.412086561558025}