{"split": "perplexity evaluation", "num_ex": 1327, "avg_loss": 2.2251129265377734, "avg_seq_perplexity": 9.566289239120197}