{"split": "perplexity evaluation", "num_ex": 1327, "avg_loss": 2.202659716171345, "avg_seq_perplexity": 9.348328878579503}