{"split": "perplexity evaluation", "num_ex": 1327, "avg_loss": 2.256658029448474, "avg_seq_perplexity": 9.8803905955633}