{"split": "perplexity evaluation", "num_ex": 1327, "avg_loss": 2.2187919472965336, "avg_seq_perplexity": 9.507563759890731}