{"split": "perplexity evaluation", "num_ex": 1327, "avg_loss": 2.232272299771571, "avg_seq_perplexity": 9.64388585036737}