{"split": "perplexity evaluation", "num_ex": 1327, "avg_loss": 2.2258010093844196, "avg_seq_perplexity": 9.576946060192164}