{"split": "perplexity evaluation", "num_ex": 1327, "avg_loss": 2.3347506490792203, "avg_seq_perplexity": 10.688869542435945}