{"split": "perplexity evaluation", "num_ex": 1327, "avg_loss": 2.3095876065608514, "avg_seq_perplexity": 10.374203737283345}