{"split": "perplexity evaluation", "num_ex": 1327, "avg_loss": 2.224126245172381, "avg_seq_perplexity": 9.558765954691033}