{"split": "perplexity evaluation", "num_ex": 1327, "avg_loss": 2.2013104114661832, "avg_seq_perplexity": 9.336699174594951}