{"split": "perplexity evaluation", "num_ex": 1327, "avg_loss": 2.255615786313112, "avg_seq_perplexity": 9.870335754992464}