{"split": "perplexity evaluation", "num_ex": 1327, "avg_loss": 2.2243317501295214, "avg_seq_perplexity": 9.558366351497739}