{"split": "perplexity evaluation", "num_ex": 1327, "avg_loss": 2.3555572440773362, "avg_seq_perplexity": 10.896422557931425}