{"split": "perplexity evaluation", "num_ex": 1327, "avg_loss": 2.3661445209471554, "avg_seq_perplexity": 11.033284811840618}