{"split": "perplexity evaluation", "num_ex": 1327, "avg_loss": 2.2279298346834966, "avg_seq_perplexity": 9.59317230477581}