{"split": "perplexity evaluation", "num_ex": 1327, "avg_loss": 2.2160015321802, "avg_seq_perplexity": 9.479057996185004}