{"split": "perplexity evaluation", "num_ex": 1327, "avg_loss": 2.297633546945648, "avg_seq_perplexity": 10.293573674171062}