{"split": "perplexity evaluation", "num_ex": 1327, "avg_loss": 2.2166185989897325, "avg_seq_perplexity": 9.486957334448004}