{"split": "perplexity evaluation", "num_ex": 1327, "avg_loss": 2.2269609993170687, "avg_seq_perplexity": 9.583477327854183}