{"split": "perplexity evaluation", "num_ex": 1327, "avg_loss": 2.272944619265731, "avg_seq_perplexity": 10.038138187641296}