{"split": "perplexity evaluation", "num_ex": 1327, "avg_loss": 2.229242711473248, "avg_seq_perplexity": 9.609010720845893}