{"split": "perplexity evaluation", "num_ex": 1327, "avg_loss": 2.2067262122032782, "avg_seq_perplexity": 9.388150845422004}