{"split": "perplexity evaluation", "num_ex": 1327, "avg_loss": 2.275764103122645, "avg_seq_perplexity": 10.063030596505275}