{"split": "perplexity evaluation", "num_ex": 1327, "avg_loss": 2.27105165551997, "avg_seq_perplexity": 10.016711950122456}