{"split": "perplexity evaluation", "num_ex": 1327, "avg_loss": 2.2187476082681803, "avg_seq_perplexity": 9.509327018180105}