{"split": "perplexity evaluation", "num_ex": 1327, "avg_loss": 2.223425467749152, "avg_seq_perplexity": 9.549103358138659}