{"split": "perplexity evaluation", "num_ex": 1327, "avg_loss": 2.2508477769404673, "avg_seq_perplexity": 9.822356878767897}