{"split": "perplexity evaluation", "num_ex": 1327, "avg_loss": 2.251839793707611, "avg_seq_perplexity": 9.823844903918614}