{"split": "perplexity evaluation", "num_ex": 1327, "avg_loss": 2.2461057086590994, "avg_seq_perplexity": 9.766327801196308}