{"split": "perplexity evaluation", "num_ex": 1327, "avg_loss": 2.2130442477745857, "avg_seq_perplexity": 9.455656556141673}