{"split": "perplexity evaluation", "num_ex": 1327, "avg_loss": 2.2584374779224756, "avg_seq_perplexity": 9.891435981066316}