{"split": "perplexity evaluation", "num_ex": 1327, "avg_loss": 2.381081070141767, "avg_seq_perplexity": 11.225123781320647}