{"split": "perplexity evaluation", "num_ex": 1327, "avg_loss": 2.2662956048064244, "avg_seq_perplexity": 9.97439154342502}