{"split": "perplexity evaluation", "num_ex": 1327, "avg_loss": 2.2281342357644123, "avg_seq_perplexity": 9.601889247362472}