{"split": "perplexity evaluation", "num_ex": 1327, "avg_loss": 2.427279210036737, "avg_seq_perplexity": 11.74130292718538}