{"split": "perplexity evaluation", "num_ex": 1327, "avg_loss": 2.217020225956104, "avg_seq_perplexity": 9.489617676149209}