{"split": "perplexity evaluation", "num_ex": 1327, "avg_loss": 2.2183682428056706, "avg_seq_perplexity": 9.503626601356443}