{"split": "perplexity evaluation", "num_ex": 1327, "avg_loss": 2.201799428633666, "avg_seq_perplexity": 9.342239897324793}