{"split": "perplexity evaluation", "num_ex": 1327, "avg_loss": 2.242494745549171, "avg_seq_perplexity": 9.738671286266014}