{"split": "perplexity evaluation", "num_ex": 1327, "avg_loss": 2.2290088736930107, "avg_seq_perplexity": 9.604790969998117}