{"split": "perplexity evaluation", "num_ex": 1327, "avg_loss": 2.205502565408346, "avg_seq_perplexity": 9.377620602157121}