{"split": "perplexity evaluation", "num_ex": 1327, "avg_loss": 2.2569058496608894, "avg_seq_perplexity": 9.873477386727581}