{"split": "perplexity evaluation", "num_ex": 1327, "avg_loss": 2.2232442480689527, "avg_seq_perplexity": 9.55175045332517}