{"split": "perplexity evaluation", "num_ex": 1327, "avg_loss": 2.253340145476168, "avg_seq_perplexity": 9.83941103051997}