{"split": "perplexity evaluation", "num_ex": 1327, "avg_loss": 2.213289676255181, "avg_seq_perplexity": 9.453180193811228}