{"split": "perplexity evaluation", "num_ex": 1327, "avg_loss": 2.199381019805011, "avg_seq_perplexity": 9.316710183920497}