{"split": "perplexity evaluation", "num_ex": 1327, "avg_loss": 2.2068616210201584, "avg_seq_perplexity": 9.389684497456669}