{"split": "perplexity evaluation", "num_ex": 1327, "avg_loss": 2.200670715194047, "avg_seq_perplexity": 9.33045491475132}