{"split": "perplexity evaluation", "num_ex": 1327, "avg_loss": 2.253568279895912, "avg_seq_perplexity": 9.841724755086661}