{"split": "perplexity evaluation", "num_ex": 1327, "avg_loss": 2.2470002163597402, "avg_seq_perplexity": 9.782195653965712}