{"split": "perplexity evaluation", "num_ex": 1327, "avg_loss": 2.2008372165245857, "avg_seq_perplexity": 9.332525786548606}