{"split": "perplexity evaluation", "num_ex": 1327, "avg_loss": 2.2155528064949133, "avg_seq_perplexity": 9.476454320129992}