{"split": "perplexity evaluation", "num_ex": 1327, "avg_loss": 2.221656874058026, "avg_seq_perplexity": 9.533674848106632}