{"split": "perplexity evaluation", "num_ex": 1327, "avg_loss": 2.270254288927091, "avg_seq_perplexity": 10.03369618971364}