{"split": "perplexity evaluation", "num_ex": 1327, "avg_loss": 2.2295181285912773, "avg_seq_perplexity": 9.608476444753203}