{"split": "perplexity evaluation", "num_ex": 1327, "avg_loss": 2.2669329093467407, "avg_seq_perplexity": 9.97200864261492}