{"split": "perplexity evaluation", "num_ex": 1327, "avg_loss": 2.2877520149420687, "avg_seq_perplexity": 10.162210195695177}