{"split": "perplexity evaluation", "num_ex": 1327, "avg_loss": 2.2711977351403543, "avg_seq_perplexity": 10.015892138046345}