{"split": "perplexity evaluation", "num_ex": 1327, "avg_loss": 2.2087516410959873, "avg_seq_perplexity": 9.41227348459872}