{"split": "perplexity evaluation", "num_ex": 1327, "avg_loss": 2.227702988119348, "avg_seq_perplexity": 9.592417253438207}