{"split": "perplexity evaluation", "num_ex": 1327, "avg_loss": 2.2653311849448947, "avg_seq_perplexity": 9.958143957234363}