{"split": "perplexity evaluation", "num_ex": 1327, "avg_loss": 2.244303630722494, "avg_seq_perplexity": 9.74970268933685}