{"split": "perplexity evaluation", "num_ex": 1327, "avg_loss": 2.2062708632606443, "avg_seq_perplexity": 9.38499743900716}