{"split": "perplexity evaluation", "num_ex": 1327, "avg_loss": 2.28597808584919, "avg_seq_perplexity": 10.134132735964581}