{"split": "perplexity evaluation", "num_ex": 1327, "avg_loss": 2.2943960619583645, "avg_seq_perplexity": 10.228489867888094}