{"split": "perplexity evaluation", "num_ex": 1327, "avg_loss": 2.256132768344951, "avg_seq_perplexity": 9.868008783911078}