{"split": "perplexity evaluation", "num_ex": 1327, "avg_loss": 2.2005137807907875, "avg_seq_perplexity": 9.328639406320647}