{"split": "perplexity evaluation", "num_ex": 1327, "avg_loss": 2.2171847035135643, "avg_seq_perplexity": 9.49022701582517}