{"split": "perplexity evaluation", "num_ex": 1327, "avg_loss": 2.2329222988884703, "avg_seq_perplexity": 9.643932213168801}