{"split": "perplexity evaluation", "num_ex": 1327, "avg_loss": 2.312081078972777, "avg_seq_perplexity": 10.39617970516202}