{"split": "perplexity evaluation", "num_ex": 1327, "avg_loss": 2.2280514450475697, "avg_seq_perplexity": 9.59598130180859}