{"split": "perplexity evaluation", "num_ex": 1327, "avg_loss": 2.2179695595092315, "avg_seq_perplexity": 9.496153359316127}