{"split": "perplexity evaluation", "num_ex": 1327, "avg_loss": 2.2535414189077807, "avg_seq_perplexity": 9.858469821495856}