{"split": "perplexity evaluation", "num_ex": 1327, "avg_loss": 2.2154208932860775, "avg_seq_perplexity": 9.472662137339864}