{"split": "perplexity evaluation", "num_ex": 1327, "avg_loss": 2.201689408969951, "avg_seq_perplexity": 9.338059150103618}