{"split": "perplexity evaluation", "num_ex": 1327, "avg_loss": 2.199864333612001, "avg_seq_perplexity": 9.324652941314996}