{"split": "perplexity evaluation", "num_ex": 1327, "avg_loss": 2.247753427903636, "avg_seq_perplexity": 9.794232320318388}