{"split": "perplexity evaluation", "num_ex": 1327, "avg_loss": 2.292131827842408, "avg_seq_perplexity": 10.198973689478146}