{"split": "perplexity evaluation", "num_ex": 1327, "avg_loss": 2.2736143041753016, "avg_seq_perplexity": 10.041331333600226}