{"split": "perplexity evaluation", "num_ex": 1327, "avg_loss": 2.2687221087273928, "avg_seq_perplexity": 9.990533157498117}