{"split": "perplexity evaluation", "num_ex": 1327, "avg_loss": 2.218162921827901, "avg_seq_perplexity": 9.498267650244914}