{"split": "perplexity evaluation", "num_ex": 1327, "avg_loss": 2.231051596646571, "avg_seq_perplexity": 9.632504150574604}