{"split": "perplexity evaluation", "num_ex": 1327, "avg_loss": 2.201312619218632, "avg_seq_perplexity": 9.336682984410324}