{"split": "perplexity evaluation", "num_ex": 1327, "avg_loss": 2.272919966030049, "avg_seq_perplexity": 10.031362595374906}