{"split": "perplexity evaluation", "num_ex": 1327, "avg_loss": 2.2659017049736248, "avg_seq_perplexity": 9.964655355124341}