{"split": "perplexity evaluation", "num_ex": 1327, "avg_loss": 2.2254836449698567, "avg_seq_perplexity": 9.575633919319895}