{"split": "perplexity evaluation", "num_ex": 1327, "avg_loss": 2.263255345704597, "avg_seq_perplexity": 9.945439813724567}