{"split": "perplexity evaluation", "num_ex": 1327, "avg_loss": 2.2190116186652222, "avg_seq_perplexity": 9.512253762010173}