{"split": "perplexity evaluation", "num_ex": 1327, "avg_loss": 2.25220204908864, "avg_seq_perplexity": 9.845109975508667}