{"split": "perplexity evaluation", "num_ex": 1327, "avg_loss": 2.2498833570789376, "avg_seq_perplexity": 9.81065063936511}