{"split": "perplexity evaluation", "num_ex": 1327, "avg_loss": 2.2734525863084025, "avg_seq_perplexity": 10.038271388705727}