{"split": "perplexity evaluation", "num_ex": 1327, "avg_loss": 2.2589726739120195, "avg_seq_perplexity": 9.897796515872269}