{"split": "perplexity evaluation", "num_ex": 1327, "avg_loss": 2.1998304814077807, "avg_seq_perplexity": 9.322216318528636}