{"split": "perplexity evaluation", "num_ex": 1327, "avg_loss": 2.1985490650904294, "avg_seq_perplexity": 9.311217295827053}