{"split": "perplexity evaluation", "num_ex": 1327, "avg_loss": 2.225354123492841, "avg_seq_perplexity": 9.566244348153731}