{"split": "perplexity evaluation", "num_ex": 1327, "avg_loss": 2.214223003603052, "avg_seq_perplexity": 9.468382777175961}