{"split": "perplexity evaluation", "num_ex": 1327, "avg_loss": 2.216270877978994, "avg_seq_perplexity": 9.482621308637905}