{"split": "perplexity evaluation", "num_ex": 1327, "avg_loss": 2.3044667247550867, "avg_seq_perplexity": 10.328082316785983}