{"split": "perplexity evaluation", "num_ex": 1327, "avg_loss": 2.3822189825499245, "avg_seq_perplexity": 11.238824357102487}