{"split": "perplexity evaluation", "num_ex": 1327, "avg_loss": 2.2174012472329503, "avg_seq_perplexity": 9.495114243830068}