{"split": "perplexity evaluation", "num_ex": 1327, "avg_loss": 2.2153116095398455, "avg_seq_perplexity": 9.475184126554257}