{"split": "perplexity evaluation", "num_ex": 1327, "avg_loss": 2.253462859716466, "avg_seq_perplexity": 9.848967654954786}