{"split": "perplexity evaluation", "num_ex": 1327, "avg_loss": 2.318490920250094, "avg_seq_perplexity": 10.512359734127731}