{"split": "perplexity evaluation", "num_ex": 1327, "avg_loss": 2.2541514945012247, "avg_seq_perplexity": 9.854436993688772}