{"split": "perplexity evaluation", "num_ex": 1327, "avg_loss": 2.267903400527506, "avg_seq_perplexity": 9.984372056330068}