{"split": "perplexity evaluation", "num_ex": 1327, "avg_loss": 2.2582148628838548, "avg_seq_perplexity": 9.890761144734363}