{"split": "perplexity evaluation", "num_ex": 1327, "avg_loss": 2.270161195365486, "avg_seq_perplexity": 10.00841889600603}