{"split": "perplexity evaluation", "num_ex": 1327, "avg_loss": 2.275684991993218, "avg_seq_perplexity": 10.06259934886021}