{"split": "perplexity evaluation", "num_ex": 1327, "avg_loss": 2.273342934603429, "avg_seq_perplexity": 10.041146618311982}