{"split": "perplexity evaluation", "num_ex": 1327, "avg_loss": 2.2812056609716467, "avg_seq_perplexity": 10.12625915481349}