{"split": "perplexity evaluation", "num_ex": 1327, "avg_loss": 2.224943481537302, "avg_seq_perplexity": 9.571913856443105}