{"split": "perplexity evaluation", "num_ex": 1327, "avg_loss": 2.246223823415128, "avg_seq_perplexity": 9.776977263093444}