{"split": "perplexity evaluation", "num_ex": 1327, "avg_loss": 2.218389584412679, "avg_seq_perplexity": 9.504483209306708}