{"split": "perplexity evaluation", "num_ex": 1327, "avg_loss": 2.2159007114850224, "avg_seq_perplexity": 9.484030590617936}