{"split": "perplexity evaluation", "num_ex": 1327, "avg_loss": 2.2622636968961944, "avg_seq_perplexity": 9.930407227298417}