{"split": "perplexity evaluation", "num_ex": 1327, "avg_loss": 2.277473823415128, "avg_seq_perplexity": 10.085095610399398}