{"split": "perplexity evaluation", "num_ex": 1327, "avg_loss": 2.223127421168519, "avg_seq_perplexity": 9.542527199510173}