{"split": "perplexity evaluation", "num_ex": 1327, "avg_loss": 2.222521393121232, "avg_seq_perplexity": 9.547300360305199}