{"split": "perplexity evaluation", "num_ex": 1327, "avg_loss": 2.2384420479700453, "avg_seq_perplexity": 9.700897377778825}