{"split": "perplexity evaluation", "num_ex": 1327, "avg_loss": 2.248716191950829, "avg_seq_perplexity": 9.799900356772795}