{"split": "perplexity evaluation", "num_ex": 1327, "avg_loss": 2.2079550104205916, "avg_seq_perplexity": 9.402261327241899}