{"split": "perplexity evaluation", "num_ex": 1327, "avg_loss": 2.2062555929728713, "avg_seq_perplexity": 9.382820595092314}