{"split": "perplexity evaluation", "num_ex": 1327, "avg_loss": 2.2134131264129615, "avg_seq_perplexity": 9.4564366286737}