{"split": "perplexity evaluation", "num_ex": 1327, "avg_loss": 2.2687701273431613, "avg_seq_perplexity": 9.99232070106443}