{"split": "perplexity evaluation", "num_ex": 1327, "avg_loss": 2.219110599566692, "avg_seq_perplexity": 9.510014365109269}