{"split": "perplexity evaluation", "num_ex": 1327, "avg_loss": 2.2660135644310473, "avg_seq_perplexity": 9.963990821637152}