{"split": "perplexity evaluation", "num_ex": 1327, "avg_loss": 2.200992311134137, "avg_seq_perplexity": 9.333303651328183}