{"split": "perplexity evaluation", "num_ex": 1327, "avg_loss": 2.354718666105407, "avg_seq_perplexity": 10.898996797287113}