{"split": "perplexity evaluation", "num_ex": 1327, "avg_loss": 2.2138199048017144, "avg_seq_perplexity": 9.456380698944988}