{"split": "perplexity evaluation", "num_ex": 1327, "avg_loss": 2.2667218850084776, "avg_seq_perplexity": 9.970226250470986}