{"split": "perplexity evaluation", "num_ex": 1327, "avg_loss": 2.257978081433685, "avg_seq_perplexity": 9.882183290551996}