{"split": "perplexity evaluation", "num_ex": 1327, "avg_loss": 2.274771350438018, "avg_seq_perplexity": 10.050129963027505}