{"split": "perplexity evaluation", "num_ex": 1327, "avg_loss": 2.242793160088546, "avg_seq_perplexity": 9.74420097023361}