{"split": "perplexity evaluation", "num_ex": 1327, "avg_loss": 2.2432900883689713, "avg_seq_perplexity": 9.741999841041824}