{"split": "perplexity evaluation", "num_ex": 1327, "avg_loss": 2.2547632259090054, "avg_seq_perplexity": 9.859953431141673}