{"split": "perplexity evaluation", "num_ex": 1327, "avg_loss": 2.2079025762999245, "avg_seq_perplexity": 9.400696766672947}