{"split": "perplexity evaluation", "num_ex": 1327, "avg_loss": 2.200341576099755, "avg_seq_perplexity": 9.326220445553881}