{"split": "perplexity evaluation", "num_ex": 1327, "avg_loss": 2.22042274043896, "avg_seq_perplexity": 9.523587627166542}