{"split": "perplexity evaluation", "num_ex": 1327, "avg_loss": 2.201999046250942, "avg_seq_perplexity": 9.34363151728523}