{"split": "perplexity evaluation", "num_ex": 1327, "avg_loss": 2.270503213015731, "avg_seq_perplexity": 10.012050648784854}