{"split": "perplexity evaluation", "num_ex": 1327, "avg_loss": 2.2237477996067256, "avg_seq_perplexity": 9.55281164633572}