{"split": "perplexity evaluation", "num_ex": 1327, "avg_loss": 2.2123867055034854, "avg_seq_perplexity": 9.439698921439337}