{"split": "perplexity evaluation", "num_ex": 1327, "avg_loss": 2.226554772866428, "avg_seq_perplexity": 9.581952506829314}