{"split": "perplexity evaluation", "num_ex": 1327, "avg_loss": 2.2478925163079313, "avg_seq_perplexity": 9.792371920921251}