{"split": "perplexity evaluation", "num_ex": 1327, "avg_loss": 2.261869613084024, "avg_seq_perplexity": 9.930241645864733}