{"split": "perplexity evaluation", "num_ex": 1327, "avg_loss": 2.2128383748587037, "avg_seq_perplexity": 9.451762816738885}