{"split": "perplexity evaluation", "num_ex": 1327, "avg_loss": 2.2223271109057086, "avg_seq_perplexity": 9.541623492840994}