{"split": "perplexity evaluation", "num_ex": 1327, "avg_loss": 2.313539115486059, "avg_seq_perplexity": 10.409507906697439}