{"split": "perplexity evaluation", "num_ex": 1327, "avg_loss": 2.4441030196166165, "avg_seq_perplexity": 11.99850608750942}