{"split": "perplexity evaluation", "num_ex": 1327, "avg_loss": 2.2633712527081764, "avg_seq_perplexity": 9.935078831480784}