{"split": "perplexity evaluation", "num_ex": 1327, "avg_loss": 2.208989710401752, "avg_seq_perplexity": 9.415114126083271}