{"split": "perplexity evaluation", "num_ex": 1327, "avg_loss": 2.247189715111624, "avg_seq_perplexity": 9.789619589534665}