{"split": "perplexity evaluation", "num_ex": 1327, "avg_loss": 2.2080195871797286, "avg_seq_perplexity": 9.39903727274868}