{"split": "perplexity evaluation", "num_ex": 1327, "avg_loss": 2.2152845645723436, "avg_seq_perplexity": 9.473424547852298}