{"split": "perplexity evaluation", "num_ex": 1327, "avg_loss": 2.2073730836708743, "avg_seq_perplexity": 9.393978575970234}