{"split": "perplexity evaluation", "num_ex": 1327, "avg_loss": 2.2279237633642617, "avg_seq_perplexity": 9.59273958529578}