{"split": "perplexity evaluation", "num_ex": 1327, "avg_loss": 2.2257001886892427, "avg_seq_perplexity": 9.574509437405803}