{"split": "perplexity evaluation", "num_ex": 1327, "avg_loss": 2.2179200690584966, "avg_seq_perplexity": 9.500479082281462}