{"split": "perplexity evaluation", "num_ex": 1327, "avg_loss": 2.2545463142308777, "avg_seq_perplexity": 9.87110110917483}