{"split": "perplexity evaluation", "num_ex": 1327, "avg_loss": 2.2155049718585156, "avg_seq_perplexity": 9.475168672287113}