{"split": "perplexity evaluation", "num_ex": 1327, "avg_loss": 2.2779424188724566, "avg_seq_perplexity": 10.083469968679353}