{"split": "perplexity evaluation", "num_ex": 1327, "avg_loss": 2.219483341771854, "avg_seq_perplexity": 9.513457723012435}