{"split": "perplexity evaluation", "num_ex": 1327, "avg_loss": 2.2032030072532027, "avg_seq_perplexity": 9.35440755698945}