{"split": "perplexity evaluation", "num_ex": 1327, "avg_loss": 2.2621455821401657, "avg_seq_perplexity": 9.929243741757725}