{"split": "perplexity evaluation", "num_ex": 1327, "avg_loss": 2.2150352725249625, "avg_seq_perplexity": 9.471236665175207}