{"split": "perplexity evaluation", "num_ex": 1327, "avg_loss": 2.2631267441244347, "avg_seq_perplexity": 9.944346976262246}