{"split": "perplexity evaluation", "num_ex": 1327, "avg_loss": 2.200823970009891, "avg_seq_perplexity": 9.331186416729466}