{"split": "perplexity evaluation", "num_ex": 1327, "avg_loss": 2.2287078834424454, "avg_seq_perplexity": 9.600555764883195}