{"split": "perplexity evaluation", "num_ex": 1327, "avg_loss": 2.2765986335484176, "avg_seq_perplexity": 10.105491563441975}