{"split": "perplexity evaluation", "num_ex": 1327, "avg_loss": 2.277731762492935, "avg_seq_perplexity": 10.0844921580633}