{"split": "perplexity evaluation", "num_ex": 1327, "avg_loss": 2.217358196060192, "avg_seq_perplexity": 9.490907003579503}