{"split": "perplexity evaluation", "num_ex": 1327, "avg_loss": 2.2588317457140166, "avg_seq_perplexity": 9.908575499246421}