{"split": "perplexity evaluation", "num_ex": 1327, "avg_loss": 2.4274157227298416, "avg_seq_perplexity": 11.782877849472495}