{"split": "perplexity evaluation", "num_ex": 1327, "avg_loss": 2.2160160665504898, "avg_seq_perplexity": 9.481618253108515}