{"split": "perplexity evaluation", "num_ex": 1327, "avg_loss": 2.2398813185875093, "avg_seq_perplexity": 9.713624334730595}