{"split": "perplexity evaluation", "num_ex": 1327, "avg_loss": 2.2271412991004143, "avg_seq_perplexity": 9.586130310380558}