{"split": "perplexity evaluation", "num_ex": 1327, "avg_loss": 2.2658941618194235, "avg_seq_perplexity": 9.962995861200076}