{"split": "perplexity evaluation", "num_ex": 1327, "avg_loss": 2.216558805694235, "avg_seq_perplexity": 9.485771035465335}