{"split": "perplexity evaluation", "num_ex": 1327, "avg_loss": 2.2313008886939527, "avg_seq_perplexity": 9.62905858491899}