{"split": "perplexity evaluation", "num_ex": 1327, "avg_loss": 2.222027224531368, "avg_seq_perplexity": 9.537617893980784}