{"split": "perplexity evaluation", "num_ex": 1327, "avg_loss": 2.2282981613837602, "avg_seq_perplexity": 9.594962056094575}