{"split": "perplexity evaluation", "num_ex": 1327, "avg_loss": 2.2178845610399396, "avg_seq_perplexity": 9.501315820459684}