{"split": "perplexity evaluation", "num_ex": 1327, "avg_loss": 2.2141002893627544, "avg_seq_perplexity": 9.457580244442351}