{"split": "perplexity evaluation", "num_ex": 1327, "avg_loss": 2.345042823038338, "avg_seq_perplexity": 10.790933938159382}