{"split": "perplexity evaluation", "num_ex": 1327, "avg_loss": 2.2494543171863226, "avg_seq_perplexity": 9.805826700263752}