{"split": "perplexity evaluation", "num_ex": 1327, "avg_loss": 2.206308946990392, "avg_seq_perplexity": 9.38653992205162}