{"split": "perplexity evaluation", "num_ex": 1327, "avg_loss": 2.2168531726874527, "avg_seq_perplexity": 9.489026734410324}