{"split": "perplexity evaluation", "num_ex": 1327, "avg_loss": 2.218238537349284, "avg_seq_perplexity": 9.502130481113413}