{"split": "perplexity evaluation", "num_ex": 1327, "avg_loss": 2.2740781161689902, "avg_seq_perplexity": 10.02161757606443}