{"split": "perplexity evaluation", "num_ex": 1327, "avg_loss": 2.2161575466866053, "avg_seq_perplexity": 9.480168495666918}