{"split": "perplexity evaluation", "num_ex": 1327, "avg_loss": 2.275866579632159, "avg_seq_perplexity": 10.063979930058402}