{"split": "perplexity evaluation", "num_ex": 1327, "avg_loss": 2.3020898952642237, "avg_seq_perplexity": 10.298914963263}