{"split": "perplexity evaluation", "num_ex": 1327, "avg_loss": 2.2683443990792203, "avg_seq_perplexity": 9.988261380227957}