{"split": "perplexity evaluation", "num_ex": 1327, "avg_loss": 2.2175905620054635, "avg_seq_perplexity": 9.494632217878674}