{"split": "perplexity evaluation", "num_ex": 1327, "avg_loss": 2.2848107367417105, "avg_seq_perplexity": 10.172932513423135}