{"split": "perplexity evaluation", "num_ex": 1327, "avg_loss": 2.257776808002072, "avg_seq_perplexity": 9.883641143085908}