{"split": "perplexity evaluation", "num_ex": 1327, "avg_loss": 2.2002804949486623, "avg_seq_perplexity": 9.32596655402223}