{"split": "perplexity evaluation", "num_ex": 1327, "avg_loss": 2.2451652061157685, "avg_seq_perplexity": 9.766742122739261}