{"split": "perplexity evaluation", "num_ex": 1327, "avg_loss": 2.4123099125141296, "avg_seq_perplexity": 11.59444838569141}