{"split": "perplexity evaluation", "num_ex": 1327, "avg_loss": 2.2153964240297666, "avg_seq_perplexity": 9.475882512245667}