{"split": "perplexity evaluation", "num_ex": 1327, "avg_loss": 2.333414958847494, "avg_seq_perplexity": 10.674321925631123}