{"split": "perplexity evaluation", "num_ex": 1327, "avg_loss": 2.2594995908298796, "avg_seq_perplexity": 9.89935592501884}