{"split": "perplexity evaluation", "num_ex": 1327, "avg_loss": 2.279671273019499, "avg_seq_perplexity": 10.099508554304823}