{"split": "perplexity evaluation", "num_ex": 1327, "avg_loss": 2.2017037593608704, "avg_seq_perplexity": 9.338870131169932}