{"split": "perplexity evaluation", "num_ex": 1327, "avg_loss": 2.2157167321142617, "avg_seq_perplexity": 9.477588368971364}