{"split": "perplexity evaluation", "num_ex": 1327, "avg_loss": 2.2015126047946496, "avg_seq_perplexity": 9.338911342548982}