{"split": "perplexity evaluation", "num_ex": 1327, "avg_loss": 2.2255375509254898, "avg_seq_perplexity": 9.569417624340618}