{"split": "perplexity evaluation", "num_ex": 1327, "avg_loss": 2.222475766237283, "avg_seq_perplexity": 9.547465941738885}