{"split": "perplexity evaluation", "num_ex": 1327, "avg_loss": 2.228490235846835, "avg_seq_perplexity": 9.598136804116429}