{"split": "perplexity evaluation", "num_ex": 1327, "avg_loss": 2.277329951547193, "avg_seq_perplexity": 10.07567881028636}