{"split": "perplexity evaluation", "num_ex": 1327, "avg_loss": 2.2480619613084025, "avg_seq_perplexity": 9.794382447484928}