{"split": "perplexity evaluation", "num_ex": 1327, "avg_loss": 2.219054117899868, "avg_seq_perplexity": 9.512384755322156}