{"split": "perplexity evaluation", "num_ex": 1327, "avg_loss": 2.312640928198003, "avg_seq_perplexity": 10.415952336096458}