{"split": "perplexity evaluation", "num_ex": 1327, "avg_loss": 2.2677299079808777, "avg_seq_perplexity": 9.983946696024868}