{"split": "perplexity evaluation", "num_ex": 1327, "avg_loss": 2.2514677874199323, "avg_seq_perplexity": 9.8351736176526}