{"split": "perplexity evaluation", "num_ex": 1327, "avg_loss": 2.2145407359763563, "avg_seq_perplexity": 9.474329726356443}