{"split": "perplexity evaluation", "num_ex": 1327, "avg_loss": 2.2251901978734927, "avg_seq_perplexity": 9.56965753344009}