{"split": "perplexity evaluation", "num_ex": 1327, "avg_loss": 2.4383291950240205, "avg_seq_perplexity": 11.921187653070836}