{"split": "perplexity evaluation", "num_ex": 1327, "avg_loss": 2.2043832349166355, "avg_seq_perplexity": 9.363541764788998}