{"split": "perplexity evaluation", "num_ex": 1327, "avg_loss": 2.2300143209542203, "avg_seq_perplexity": 9.614652264270912}