{"split": "perplexity evaluation", "num_ex": 1327, "avg_loss": 2.2515708158675585, "avg_seq_perplexity": 9.836407015354183}