{"split": "perplexity evaluation", "num_ex": 1327, "avg_loss": 2.3259836641037115, "avg_seq_perplexity": 10.546805823756594}