{"split": "perplexity evaluation", "num_ex": 1327, "avg_loss": 2.210301299335908, "avg_seq_perplexity": 9.428797775763}