{"split": "perplexity evaluation", "num_ex": 1327, "avg_loss": 2.2550934688795214, "avg_seq_perplexity": 9.865643545120573}