{"split": "perplexity evaluation", "num_ex": 1327, "avg_loss": 2.2169041349731535, "avg_seq_perplexity": 9.488279778165033}