{"split": "perplexity evaluation", "num_ex": 1327, "avg_loss": 2.2183630913832895, "avg_seq_perplexity": 9.504871037820271}