{"split": "perplexity evaluation", "num_ex": 1327, "avg_loss": 2.2173247118147135, "avg_seq_perplexity": 9.49436507983233}