{"split": "perplexity evaluation", "num_ex": 1327, "avg_loss": 2.2265275439195555, "avg_seq_perplexity": 9.580906032168425}