{"split": "perplexity evaluation", "num_ex": 1327, "avg_loss": 2.2201752881852865, "avg_seq_perplexity": 9.520713869395253}