{"split": "perplexity evaluation", "num_ex": 1327, "avg_loss": 2.2142811410842125, "avg_seq_perplexity": 9.460417206339487}