{"split": "perplexity evaluation", "num_ex": 1327, "avg_loss": 2.2741373575263752, "avg_seq_perplexity": 10.046093455633006}