{"split": "perplexity evaluation", "num_ex": 1327, "avg_loss": 2.303454470257159, "avg_seq_perplexity": 10.31659243712321}