{"split": "perplexity evaluation", "num_ex": 1327, "avg_loss": 2.212536280731914, "avg_seq_perplexity": 9.444993847729842}