{"split": "perplexity evaluation", "num_ex": 1327, "avg_loss": 2.2498055338051053, "avg_seq_perplexity": 9.818078990438961}