{"split": "perplexity evaluation", "num_ex": 1327, "avg_loss": 2.2438260202759985, "avg_seq_perplexity": 9.74335540104559}