{"split": "perplexity evaluation", "num_ex": 1327, "avg_loss": 2.212464712756688, "avg_seq_perplexity": 9.449045073474002}