{"split": "perplexity evaluation", "num_ex": 1327, "avg_loss": 2.268572901457705, "avg_seq_perplexity": 9.991971140259984}