{"split": "perplexity evaluation", "num_ex": 1327, "avg_loss": 2.2163400542224, "avg_seq_perplexity": 9.484353658392992}