{"split": "perplexity evaluation", "num_ex": 1327, "avg_loss": 2.321329905920309, "avg_seq_perplexity": 10.517313930623587}