{"split": "perplexity evaluation", "num_ex": 1327, "avg_loss": 2.2181356928810287, "avg_seq_perplexity": 9.499948485776187}