{"split": "perplexity evaluation", "num_ex": 1327, "avg_loss": 2.21636654725179, "avg_seq_perplexity": 9.484139506405425}