{"split": "perplexity evaluation", "num_ex": 1327, "avg_loss": 2.2526851789162583, "avg_seq_perplexity": 9.83884290222306}