{"split": "perplexity evaluation", "num_ex": 1327, "avg_loss": 2.246422705114921, "avg_seq_perplexity": 9.783908133948756}