{"split": "perplexity evaluation", "num_ex": 1327, "avg_loss": 2.276365715665034, "avg_seq_perplexity": 10.0695486176526}