{"split": "perplexity evaluation", "num_ex": 1327, "avg_loss": 2.224651690255275, "avg_seq_perplexity": 9.56342578419367}