{"split": "perplexity evaluation", "num_ex": 1327, "avg_loss": 2.212149924053316, "avg_seq_perplexity": 9.440278088498493}