{"split": "perplexity evaluation", "num_ex": 1327, "avg_loss": 2.306039748375094, "avg_seq_perplexity": 10.330555735446495}