{"split": "perplexity evaluation", "num_ex": 1327, "avg_loss": 2.22563193234269, "avg_seq_perplexity": 9.575338816409193}