{"split": "perplexity evaluation", "num_ex": 1327, "avg_loss": 2.2764245890636774, "avg_seq_perplexity": 10.068948108986435}