{"split": "perplexity evaluation", "num_ex": 1327, "avg_loss": 2.203462970104088, "avg_seq_perplexity": 9.359727504474378}