{"split": "perplexity evaluation", "num_ex": 1327, "avg_loss": 2.2895511492087417, "avg_seq_perplexity": 10.170731384231349}