{"split": "perplexity evaluation", "num_ex": 1327, "avg_loss": 2.269446435510079, "avg_seq_perplexity": 9.999641608185758}