{"split": "perplexity evaluation", "num_ex": 1327, "avg_loss": 2.274883945812924, "avg_seq_perplexity": 10.057094686087039}