{"split": "perplexity evaluation", "num_ex": 1327, "avg_loss": 2.2255379188842315, "avg_seq_perplexity": 9.56843223083082}