{"split": "perplexity evaluation", "num_ex": 1327, "avg_loss": 2.200384995231255, "avg_seq_perplexity": 9.327618688771665}