{"split": "perplexity evaluation", "num_ex": 1327, "avg_loss": 2.234533038279484, "avg_seq_perplexity": 9.659056053362848}