{"split": "perplexity evaluation", "num_ex": 1327, "avg_loss": 2.2046718985493596, "avg_seq_perplexity": 9.36838851733233}