{"split": "perplexity evaluation", "num_ex": 1327, "avg_loss": 2.215996932695931, "avg_seq_perplexity": 9.48024429516767}