{"split": "perplexity evaluation", "num_ex": 1327, "avg_loss": 2.3191475426243406, "avg_seq_perplexity": 10.483015024491333}