{"split": "perplexity evaluation", "num_ex": 1327, "avg_loss": 2.2015990750989074, "avg_seq_perplexity": 9.339528041399774}