{"split": "perplexity evaluation", "num_ex": 1327, "avg_loss": 2.266013012492935, "avg_seq_perplexity": 9.963629486152977}