{"split": "perplexity evaluation", "num_ex": 1327, "avg_loss": 2.218834814489921, "avg_seq_perplexity": 9.506831521995101}