{"split": "perplexity evaluation", "num_ex": 1327, "avg_loss": 2.251772089299171, "avg_seq_perplexity": 9.824354894734363}