{"split": "perplexity evaluation", "num_ex": 1327, "avg_loss": 2.228244439407498, "avg_seq_perplexity": 9.60289451064431}