{"split": "perplexity evaluation", "num_ex": 1327, "avg_loss": 2.214256119889789, "avg_seq_perplexity": 9.465308113931801}