{"split": "perplexity evaluation", "num_ex": 1327, "avg_loss": 2.2624947749858704, "avg_seq_perplexity": 9.933180900292012}