{"split": "perplexity evaluation", "num_ex": 1327, "avg_loss": 2.208935804446119, "avg_seq_perplexity": 9.406626053833836}