{"split": "perplexity evaluation", "num_ex": 1327, "avg_loss": 2.217259767096835, "avg_seq_perplexity": 9.492451694376413}