{"split": "perplexity evaluation", "num_ex": 1327, "avg_loss": 2.2739690164021287, "avg_seq_perplexity": 10.045193428551244}