{"split": "perplexity evaluation", "num_ex": 1327, "avg_loss": 2.225720978358139, "avg_seq_perplexity": 9.573977369065561}