{"split": "perplexity evaluation", "num_ex": 1327, "avg_loss": 2.2280085778541823, "avg_seq_perplexity": 9.592776381169932}