{"split": "perplexity evaluation", "num_ex": 1327, "avg_loss": 2.2687732549924644, "avg_seq_perplexity": 9.998484745902411}