{"split": "perplexity evaluation", "num_ex": 1327, "avg_loss": 2.241396572685098, "avg_seq_perplexity": 9.725178975131877}