{"split": "perplexity evaluation", "num_ex": 1327, "avg_loss": 2.270665666800113, "avg_seq_perplexity": 10.01193658157498}