{"split": "perplexity evaluation", "num_ex": 1327, "avg_loss": 2.2206194143863036, "avg_seq_perplexity": 9.526281821071967}