{"split": "perplexity evaluation", "num_ex": 1327, "avg_loss": 2.2169757029483796, "avg_seq_perplexity": 9.485730560003768}