{"split": "perplexity evaluation", "num_ex": 1327, "avg_loss": 2.2594063132889035, "avg_seq_perplexity": 9.899667218114168}