{"split": "perplexity evaluation", "num_ex": 1327, "avg_loss": 2.2620949878132066, "avg_seq_perplexity": 9.932595845892992}