{"split": "perplexity evaluation", "num_ex": 1327, "avg_loss": 2.271272430764883, "avg_seq_perplexity": 10.015222453136774}