{"split": "perplexity evaluation", "num_ex": 1327, "avg_loss": 2.2245311837674264, "avg_seq_perplexity": 9.553837515307084}