{"split": "perplexity evaluation", "num_ex": 1327, "avg_loss": 2.261107386550961, "avg_seq_perplexity": 9.922382047145817}