{"split": "perplexity evaluation", "num_ex": 1327, "avg_loss": 2.420590272053975, "avg_seq_perplexity": 11.692290086897136}