{"split": "perplexity evaluation", "num_ex": 1327, "avg_loss": 2.201218789739544, "avg_seq_perplexity": 9.335484910747928}