{"split": "perplexity evaluation", "num_ex": 1327, "avg_loss": 2.224549213745761, "avg_seq_perplexity": 9.562265978240392}