{"split": "perplexity evaluation", "num_ex": 1327, "avg_loss": 2.285627421168519, "avg_seq_perplexity": 10.194699480736624}