{"split": "perplexity evaluation", "num_ex": 1327, "avg_loss": 2.216274005628297, "avg_seq_perplexity": 9.483080521147325}