{"split": "perplexity evaluation", "num_ex": 1327, "avg_loss": 2.2541546221505273, "avg_seq_perplexity": 9.83083023266767}