{"split": "perplexity evaluation", "num_ex": 1327, "avg_loss": 2.245130985952807, "avg_seq_perplexity": 9.758638935333458}