{"split": "perplexity evaluation", "num_ex": 1327, "avg_loss": 2.2540845260102675, "avg_seq_perplexity": 9.861283969951018}