{"split": "perplexity evaluation", "num_ex": 1327, "avg_loss": 2.227542742087415, "avg_seq_perplexity": 9.591694582469858}