{"split": "perplexity evaluation", "num_ex": 1327, "avg_loss": 2.2755692689690092, "avg_seq_perplexity": 10.064782816032404}