{"split": "perplexity evaluation", "num_ex": 1327, "avg_loss": 2.2215957929069328, "avg_seq_perplexity": 9.530037943905425}