{"split": "perplexity evaluation", "num_ex": 1327, "avg_loss": 2.2632395234787115, "avg_seq_perplexity": 9.937278488837604}