{"split": "perplexity evaluation", "num_ex": 1327, "avg_loss": 2.2227896350438017, "avg_seq_perplexity": 9.548324757441598}