{"split": "perplexity evaluation", "num_ex": 1327, "avg_loss": 2.264823401881594, "avg_seq_perplexity": 9.951949739779579}