{"split": "perplexity evaluation", "num_ex": 1327, "avg_loss": 2.3310574471905614, "avg_seq_perplexity": 10.605303904483797}