{"split": "perplexity evaluation", "num_ex": 1327, "avg_loss": 2.24722025568717, "avg_seq_perplexity": 9.786897430764883}