{"split": "perplexity evaluation", "num_ex": 1327, "avg_loss": 2.2014634823026564, "avg_seq_perplexity": 9.33835719668425}