{"split": "perplexity evaluation", "num_ex": 1327, "avg_loss": 2.269984943128297, "avg_seq_perplexity": 10.007629256546721}