{"split": "perplexity evaluation", "num_ex": 1327, "avg_loss": 2.2687471299218163, "avg_seq_perplexity": 9.991327212462322}