{"split": "perplexity evaluation", "num_ex": 1327, "avg_loss": 2.437513246514695, "avg_seq_perplexity": 11.898298411595704}