{"split": "perplexity evaluation", "num_ex": 1327, "avg_loss": 2.298236447343632, "avg_seq_perplexity": 10.276222947673324}