{"split": "perplexity evaluation", "num_ex": 1327, "avg_loss": 2.2498263234740015, "avg_seq_perplexity": 9.808800542812735}