{"split": "perplexity evaluation", "num_ex": 1327, "avg_loss": 2.228066531355972, "avg_seq_perplexity": 9.602536854747552}