{"split": "perplexity evaluation", "num_ex": 1327, "avg_loss": 2.2148479815255273, "avg_seq_perplexity": 9.46580117864544}