{"split": "perplexity evaluation", "num_ex": 1327, "avg_loss": 2.243976699380652, "avg_seq_perplexity": 9.737588015730973}