{"split": "perplexity evaluation", "num_ex": 1327, "avg_loss": 2.26882053769075, "avg_seq_perplexity": 10.018007900810098}