{"split": "perplexity evaluation", "num_ex": 1327, "avg_loss": 2.21869443823003, "avg_seq_perplexity": 9.51008206951771}