{"split": "perplexity evaluation", "num_ex": 1327, "avg_loss": 2.2743042268156555, "avg_seq_perplexity": 10.04921963310098}