{"split": "perplexity evaluation", "num_ex": 1327, "avg_loss": 2.214242689395723, "avg_seq_perplexity": 9.46055335107385}