{"split": "perplexity evaluation", "num_ex": 1327, "avg_loss": 2.248092133925207, "avg_seq_perplexity": 9.794954991286737}