{"split": "perplexity evaluation", "num_ex": 1327, "avg_loss": 2.257107123092502, "avg_seq_perplexity": 9.881824898737754}