{"split": "perplexity evaluation", "num_ex": 1327, "avg_loss": 2.2517593947225887, "avg_seq_perplexity": 9.838156291211378}