{"split": "perplexity evaluation", "num_ex": 1327, "avg_loss": 2.275607168719386, "avg_seq_perplexity": 10.060852280755464}