{"split": "perplexity evaluation", "num_ex": 1327, "avg_loss": 2.309467100073003, "avg_seq_perplexity": 10.377473418660513}