{"split": "perplexity evaluation", "num_ex": 1327, "avg_loss": 2.2526881225861906, "avg_seq_perplexity": 9.848043342596082}