{"split": "perplexity evaluation", "num_ex": 1327, "avg_loss": 2.2464639164939713, "avg_seq_perplexity": 9.78059724119254}