{"split": "perplexity evaluation", "num_ex": 1327, "avg_loss": 2.2154532736553314, "avg_seq_perplexity": 9.475092136868877}