{"split": "perplexity evaluation", "num_ex": 1327, "avg_loss": 2.2181918065891106, "avg_seq_perplexity": 9.502383636727581}