{"split": "perplexity evaluation", "num_ex": 1327, "avg_loss": 2.2642852622221175, "avg_seq_perplexity": 9.955825817162774}