{"split": "perplexity evaluation", "num_ex": 1327, "avg_loss": 2.252867318493312, "avg_seq_perplexity": 9.852757629992464}