{"split": "perplexity evaluation", "num_ex": 1327, "avg_loss": 2.318956756016861, "avg_seq_perplexity": 10.479103623068953}