{"split": "perplexity evaluation", "num_ex": 1327, "avg_loss": 2.2730550068881876, "avg_seq_perplexity": 10.039548941456292}