{"split": "perplexity evaluation", "num_ex": 1327, "avg_loss": 2.2026472055741335, "avg_seq_perplexity": 9.347503179163526}