{"split": "perplexity evaluation", "num_ex": 1327, "avg_loss": 2.32620811893604, "avg_seq_perplexity": 10.550670862377544}