{"split": "perplexity evaluation", "num_ex": 1327, "avg_loss": 2.2203609233703845, "avg_seq_perplexity": 9.52101780331575}