{"split": "perplexity evaluation", "num_ex": 1327, "avg_loss": 2.2725190749811603, "avg_seq_perplexity": 10.031756311228335}