{"split": "perplexity evaluation", "num_ex": 1327, "avg_loss": 2.2586753632488694, "avg_seq_perplexity": 9.890466777741146}