{"split": "perplexity evaluation", "num_ex": 1327, "avg_loss": 2.2674383006782217, "avg_seq_perplexity": 9.978447184674076}