{"split": "perplexity evaluation", "num_ex": 1327, "avg_loss": 2.2128122497880556, "avg_seq_perplexity": 9.448177426761491}