{"split": "perplexity evaluation", "num_ex": 1327, "avg_loss": 2.207199039186134, "avg_seq_perplexity": 9.393497285936322}