{"split": "perplexity evaluation", "num_ex": 1327, "avg_loss": 2.2685471443457987, "avg_seq_perplexity": 9.991128514741899}