{"split": "perplexity evaluation", "num_ex": 1327, "avg_loss": 2.2156613543236623, "avg_seq_perplexity": 9.477280019545969}