{"split": "perplexity evaluation", "num_ex": 1327, "avg_loss": 2.2192932910818577, "avg_seq_perplexity": 9.513011021100226}