{"split": "perplexity evaluation", "num_ex": 1327, "avg_loss": 2.268630854959495, "avg_seq_perplexity": 9.988362200923135}