{"split": "perplexity evaluation", "num_ex": 1327, "avg_loss": 2.2238079608609644, "avg_seq_perplexity": 9.554598453984552}