{"split": "perplexity evaluation", "num_ex": 1327, "avg_loss": 2.2247236261892427, "avg_seq_perplexity": 9.55928036101168}