{"split": "perplexity evaluation", "num_ex": 1327, "avg_loss": 2.2405315016837792, "avg_seq_perplexity": 9.723454720469103}