{"split": "perplexity evaluation", "num_ex": 1327, "avg_loss": 2.2721325343231915, "avg_seq_perplexity": 10.027405567068575}