{"split": "perplexity evaluation", "num_ex": 1327, "avg_loss": 2.2046409900150716, "avg_seq_perplexity": 9.366438336002261}