{"split": "perplexity evaluation", "num_ex": 1327, "avg_loss": 2.216816928751413, "avg_seq_perplexity": 9.48505425183685}