{"split": "perplexity evaluation", "num_ex": 1327, "avg_loss": 2.2026350629356632, "avg_seq_perplexity": 9.351703796156745}