{"split": "perplexity evaluation", "num_ex": 1327, "avg_loss": 2.2148950802444425, "avg_seq_perplexity": 9.468002307837226}