{"split": "perplexity evaluation", "num_ex": 1327, "avg_loss": 2.215597697461379, "avg_seq_perplexity": 9.475803033157499}