{"split": "perplexity evaluation", "num_ex": 1327, "avg_loss": 2.2502445085837417, "avg_seq_perplexity": 9.794188165269405}