{"split": "perplexity evaluation", "num_ex": 1327, "avg_loss": 2.250523789268557, "avg_seq_perplexity": 9.800633330585908}