{"split": "perplexity evaluation", "num_ex": 1327, "avg_loss": 2.369553474707988, "avg_seq_perplexity": 11.055922369536548}