{"split": "perplexity evaluation", "num_ex": 1327, "avg_loss": 2.2008127472682744, "avg_seq_perplexity": 9.330865556706858}