{"split": "perplexity evaluation", "num_ex": 1327, "avg_loss": 2.204181593526281, "avg_seq_perplexity": 9.366932872550867}