{"split": "perplexity evaluation", "num_ex": 1327, "avg_loss": 2.4291151401775624, "avg_seq_perplexity": 11.804281273549359}