{"split": "perplexity evaluation", "num_ex": 1327, "avg_loss": 2.227363362200923, "avg_seq_perplexity": 9.58771400480407}