{"split": "perplexity evaluation", "num_ex": 1327, "avg_loss": 2.213110112389318, "avg_seq_perplexity": 9.454598306801055}