{"split": "perplexity evaluation", "num_ex": 1327, "avg_loss": 2.2121379653942164, "avg_seq_perplexity": 9.446030019545969}