{"split": "perplexity evaluation", "num_ex": 1327, "avg_loss": 2.2536994571872646, "avg_seq_perplexity": 9.857985587792012}