{"split": "perplexity evaluation", "num_ex": 1327, "avg_loss": 2.2642617128626603, "avg_seq_perplexity": 9.94839452241899}