{"split": "perplexity evaluation", "num_ex": 1327, "avg_loss": 2.232652769110305, "avg_seq_perplexity": 9.642264624152222}