{"split": "perplexity evaluation", "num_ex": 1327, "avg_loss": 2.2898953746114357, "avg_seq_perplexity": 10.240630298605877}