{"split": "perplexity evaluation", "num_ex": 1327, "avg_loss": 2.2128909929587417, "avg_seq_perplexity": 9.449198880227957}