{"split": "perplexity evaluation", "num_ex": 1327, "avg_loss": 2.2018053159735307, "avg_seq_perplexity": 9.342003667812735}