{"split": "perplexity evaluation", "num_ex": 1327, "avg_loss": 2.2696377740556706, "avg_seq_perplexity": 10.000901498916729}