{"split": "perplexity evaluation", "num_ex": 1327, "avg_loss": 2.208120591854277, "avg_seq_perplexity": 9.405703213310098}