{"split": "perplexity evaluation", "num_ex": 1327, "avg_loss": 2.2250227766461004, "avg_seq_perplexity": 9.574546969197439}