{"split": "perplexity evaluation", "num_ex": 1327, "avg_loss": 2.2632593932507534, "avg_seq_perplexity": 9.936961308402411}