{"split": "perplexity evaluation", "num_ex": 1327, "avg_loss": 2.276361852098248, "avg_seq_perplexity": 10.069451476544838}