{"split": "perplexity evaluation", "num_ex": 1327, "avg_loss": 2.4265147757512247, "avg_seq_perplexity": 11.758798629427279}