{"split": "perplexity evaluation", "num_ex": 1327, "avg_loss": 2.242142241074793, "avg_seq_perplexity": 9.742225031791635}