{"split": "perplexity evaluation", "num_ex": 1327, "avg_loss": 2.2037952368476827, "avg_seq_perplexity": 9.359774603193292}