{"split": "perplexity evaluation", "num_ex": 1327, "avg_loss": 2.2133075222541447, "avg_seq_perplexity": 9.45275041800113}