{"split": "perplexity evaluation", "num_ex": 1327, "avg_loss": 2.266000869854465, "avg_seq_perplexity": 9.966385497126979}