{"split": "perplexity evaluation", "num_ex": 1327, "avg_loss": 2.2156922628579503, "avg_seq_perplexity": 9.476210731443105}