{"split": "perplexity evaluation", "num_ex": 1327, "avg_loss": 2.2523854765212885, "avg_seq_perplexity": 9.837481454879427}