{"split": "perplexity evaluation", "num_ex": 1327, "avg_loss": 2.213562885620761, "avg_seq_perplexity": 9.45933246396948}