{"split": "perplexity evaluation", "num_ex": 1327, "avg_loss": 2.2250525813041637, "avg_seq_perplexity": 9.564896883242275}