{"split": "perplexity evaluation", "num_ex": 1327, "avg_loss": 2.4226815655614167, "avg_seq_perplexity": 11.716249352392614}