{"split": "perplexity evaluation", "num_ex": 1327, "avg_loss": 2.2624254147630936, "avg_seq_perplexity": 9.932787184438583}