{"split": "perplexity evaluation", "num_ex": 1327, "avg_loss": 2.206542232832517, "avg_seq_perplexity": 9.38614105477581}