{"split": "perplexity evaluation", "num_ex": 1327, "avg_loss": 2.208224908157498, "avg_seq_perplexity": 9.405785636068199}