{"split": "perplexity evaluation", "num_ex": 1327, "avg_loss": 2.2558783248751886, "avg_seq_perplexity": 9.864090023313866}