{"split": "perplexity evaluation", "num_ex": 1327, "avg_loss": 2.265020443787679, "avg_seq_perplexity": 9.96372221175584}