{"split": "perplexity evaluation", "num_ex": 1327, "avg_loss": 2.2144621767850414, "avg_seq_perplexity": 9.457249817492464}