{"split": "perplexity evaluation", "num_ex": 1327, "avg_loss": 2.215888752825923, "avg_seq_perplexity": 9.479156609127731}