{"split": "perplexity evaluation", "num_ex": 1327, "avg_loss": 2.2716858324109834, "avg_seq_perplexity": 10.02289586473248}