{"split": "perplexity evaluation", "num_ex": 1327, "avg_loss": 2.2736431889365107, "avg_seq_perplexity": 10.05100349707988}