{"split": "perplexity evaluation", "num_ex": 1327, "avg_loss": 2.2652011115297666, "avg_seq_perplexity": 9.95473003603052}