{"split": "perplexity evaluation", "num_ex": 1327, "avg_loss": 2.2720609663479654, "avg_seq_perplexity": 10.023117375894875}