{"split": "perplexity evaluation", "num_ex": 1327, "avg_loss": 2.20111392149821, "avg_seq_perplexity": 9.33442445365486}