{"split": "perplexity evaluation", "num_ex": 1327, "avg_loss": 2.26529383713263, "avg_seq_perplexity": 9.958188112283345}