{"split": "perplexity evaluation", "num_ex": 1327, "avg_loss": 2.3520439740132817, "avg_seq_perplexity": 10.882112642473624}