{"split": "perplexity evaluation", "num_ex": 1327, "avg_loss": 2.200639070742276, "avg_seq_perplexity": 9.331977528023737}