{"split": "perplexity evaluation", "num_ex": 1327, "avg_loss": 2.245335938971835, "avg_seq_perplexity": 9.763910312264507}