{"split": "perplexity evaluation", "num_ex": 1327, "avg_loss": 2.22710634301997, "avg_seq_perplexity": 9.590364779577996}