{"split": "perplexity evaluation", "num_ex": 1327, "avg_loss": 2.261505517909288, "avg_seq_perplexity": 9.925243294319895}