{"split": "perplexity evaluation", "num_ex": 1327, "avg_loss": 2.438032988237095, "avg_seq_perplexity": 11.916980412820271}