{"split": "perplexity evaluation", "num_ex": 1327, "avg_loss": 2.279174344739073, "avg_seq_perplexity": 10.096557525197815}