{"split": "perplexity evaluation", "num_ex": 1327, "avg_loss": 2.2572638735163904, "avg_seq_perplexity": 9.897391025339111}