{"split": "perplexity evaluation", "num_ex": 1327, "avg_loss": 2.206181265307084, "avg_seq_perplexity": 9.384327018180105}