{"split": "perplexity evaluation", "num_ex": 1327, "avg_loss": 2.2226797993594576, "avg_seq_perplexity": 9.543890118688772}