{"split": "perplexity evaluation", "num_ex": 1327, "avg_loss": 2.259136415551997, "avg_seq_perplexity": 9.894187576535419}