{"split": "perplexity evaluation", "num_ex": 1327, "avg_loss": 2.2097631596764318, "avg_seq_perplexity": 9.417853946872645}