{"split": "perplexity evaluation", "num_ex": 1327, "avg_loss": 2.221105671863225, "avg_seq_perplexity": 9.531000523973248}