{"split": "perplexity evaluation", "num_ex": 1327, "avg_loss": 2.2908636580397514, "avg_seq_perplexity": 10.197066191362095}