{"split": "perplexity evaluation", "num_ex": 1327, "avg_loss": 2.295630563536172, "avg_seq_perplexity": 10.2391319706104}