{"split": "perplexity evaluation", "num_ex": 1327, "avg_loss": 2.272946091100697, "avg_seq_perplexity": 10.031137404625094}