{"split": "perplexity evaluation", "num_ex": 1327, "avg_loss": 2.2248426608421252, "avg_seq_perplexity": 9.566729317775057}