{"split": "perplexity evaluation", "num_ex": 1327, "avg_loss": 2.2155566700616993, "avg_seq_perplexity": 9.475048717737378}