{"split": "perplexity evaluation", "num_ex": 1327, "avg_loss": 2.2616460781485492, "avg_seq_perplexity": 9.927696107290881}