{"split": "perplexity evaluation", "num_ex": 1327, "avg_loss": 2.2167955871444045, "avg_seq_perplexity": 9.488861888894123}