{"split": "perplexity evaluation", "num_ex": 1327, "avg_loss": 2.264700871620667, "avg_seq_perplexity": 9.95444229229465}