{"split": "perplexity evaluation", "num_ex": 1327, "avg_loss": 2.246399523714205, "avg_seq_perplexity": 9.774442027364355}