{"split": "perplexity evaluation", "num_ex": 1327, "avg_loss": 2.2167965070412583, "avg_seq_perplexity": 9.486049212273926}