{"split": "perplexity evaluation", "num_ex": 1327, "avg_loss": 2.269508804516767, "avg_seq_perplexity": 10.002345369018462}