{"split": "perplexity evaluation", "num_ex": 1327, "avg_loss": 2.2156497636233046, "avg_seq_perplexity": 9.478345628061417}