{"split": "perplexity evaluation", "num_ex": 1327, "avg_loss": 2.3148983550772417, "avg_seq_perplexity": 10.42510199816315}