{"split": "perplexity evaluation", "num_ex": 1327, "avg_loss": 2.204612289233233, "avg_seq_perplexity": 9.369996497032782}