{"split": "perplexity evaluation", "num_ex": 1327, "avg_loss": 2.2702975240792203, "avg_seq_perplexity": 10.006962515307084}