{"split": "perplexity evaluation", "num_ex": 1327, "avg_loss": 2.247983586096458, "avg_seq_perplexity": 9.787832781885832}