{"split": "perplexity evaluation", "num_ex": 1327, "avg_loss": 2.2136883595516204, "avg_seq_perplexity": 9.461337103193292}