{"split": "perplexity evaluation", "num_ex": 1327, "avg_loss": 2.2756053289256784, "avg_seq_perplexity": 10.060050130698945}