{"split": "perplexity evaluation", "num_ex": 1327, "avg_loss": 2.2766277022889976, "avg_seq_perplexity": 10.072147878202713}