{"split": "perplexity evaluation", "num_ex": 1327, "avg_loss": 2.210152644004333, "avg_seq_perplexity": 9.416969374058025}