{"split": "perplexity evaluation", "num_ex": 1327, "avg_loss": 2.2587691927279576, "avg_seq_perplexity": 9.922914851403542}