{"split": "perplexity evaluation", "num_ex": 1327, "avg_loss": 2.2045293145370195, "avg_seq_perplexity": 9.367284641107762}