{"split": "perplexity evaluation", "num_ex": 1327, "avg_loss": 2.224160281355972, "avg_seq_perplexity": 9.555236494442351}