{"split": "perplexity evaluation", "num_ex": 1327, "avg_loss": 2.233922042789186, "avg_seq_perplexity": 9.653606584400904}