{"split": "perplexity evaluation", "num_ex": 1327, "avg_loss": 2.2162348180223246, "avg_seq_perplexity": 9.482005345704597}