{"split": "perplexity evaluation", "num_ex": 1327, "avg_loss": 2.2618938983609644, "avg_seq_perplexity": 9.928273802515072}