{"split": "perplexity evaluation", "num_ex": 1327, "avg_loss": 2.2582628814996233, "avg_seq_perplexity": 9.892678209777694}