{"split": "perplexity evaluation", "num_ex": 1327, "avg_loss": 2.201788757830162, "avg_seq_perplexity": 9.340402311369632}