{"split": "perplexity evaluation", "num_ex": 1327, "avg_loss": 2.232806759843632, "avg_seq_perplexity": 9.644779254191786}