{"split": "perplexity evaluation", "num_ex": 1327, "avg_loss": 2.2176621299806896, "avg_seq_perplexity": 9.493409123021854}