{"split": "perplexity evaluation", "num_ex": 1327, "avg_loss": 2.210218876577807, "avg_seq_perplexity": 9.426688636256594}