{"split": "perplexity evaluation", "num_ex": 1327, "avg_loss": 4.325794349331198, "avg_seq_perplexity": 625.5381028636021}