{"split": "perplexity evaluation", "num_ex": 1327, "avg_loss": 2.222877393203655, "avg_seq_perplexity": 9.554470404342501}