{"split": "perplexity evaluation", "num_ex": 1327, "avg_loss": 2.2291713274773928, "avg_seq_perplexity": 9.608282898455162}