{"split": "perplexity evaluation", "num_ex": 1327, "avg_loss": 2.2763837456433684, "avg_seq_perplexity": 10.069940125753579}