{"split": "perplexity evaluation", "num_ex": 1327, "avg_loss": 2.2505307804846457, "avg_seq_perplexity": 9.818824474849285}