{"split": "perplexity evaluation", "num_ex": 1327, "avg_loss": 2.265839151987566, "avg_seq_perplexity": 9.988797128155614}