{"split": "perplexity evaluation", "num_ex": 1327, "avg_loss": 2.261627128273361, "avg_seq_perplexity": 9.94244830915599}