{"split": "perplexity evaluation", "num_ex": 1327, "avg_loss": 2.2374783640259985, "avg_seq_perplexity": 9.691749923464581}