{"split": "perplexity evaluation", "num_ex": 1327, "avg_loss": 2.2077699271736058, "avg_seq_perplexity": 9.399078484127731}