{"split": "perplexity evaluation", "num_ex": 1327, "avg_loss": 2.2264719821495857, "avg_seq_perplexity": 9.580287125565185}