{"split": "perplexity evaluation", "num_ex": 1327, "avg_loss": 2.4797558299383007, "avg_seq_perplexity": 12.420766708270534}