{"split": "perplexity evaluation", "num_ex": 1327, "avg_loss": 2.200881555552939, "avg_seq_perplexity": 9.329373851968727}