{"split": "perplexity evaluation", "num_ex": 1327, "avg_loss": 2.209834543672287, "avg_seq_perplexity": 9.4166536654578}