{"split": "perplexity evaluation", "num_ex": 1327, "avg_loss": 2.222881992687924, "avg_seq_perplexity": 9.554426985211002}