{"split": "perplexity evaluation", "num_ex": 1327, "avg_loss": 2.2614540036854747, "avg_seq_perplexity": 9.919279419037302}