{"split": "perplexity evaluation", "num_ex": 1327, "avg_loss": 2.251956252649303, "avg_seq_perplexity": 9.850838357196684}