{"split": "perplexity evaluation", "num_ex": 1327, "avg_loss": 2.2239418978428787, "avg_seq_perplexity": 9.553789680670686}