{"split": "perplexity evaluation", "num_ex": 1327, "avg_loss": 2.2158977678150906, "avg_seq_perplexity": 9.479193405001883}