{"split": "perplexity evaluation", "num_ex": 1327, "avg_loss": 2.2188526604888845, "avg_seq_perplexity": 9.504958612000754}