{"split": "perplexity evaluation", "num_ex": 1327, "avg_loss": 2.2274733818646384, "avg_seq_perplexity": 9.588597105783723}