{"split": "perplexity evaluation", "num_ex": 1327, "avg_loss": 2.2152238513799927, "avg_seq_perplexity": 9.472713651563678}