{"split": "perplexity evaluation", "num_ex": 1327, "avg_loss": 2.2396563118170687, "avg_seq_perplexity": 9.712437299830444}