{"split": "perplexity evaluation", "num_ex": 1327, "avg_loss": 2.2740593502731725, "avg_seq_perplexity": 10.045590823992088}