{"split": "perplexity evaluation", "num_ex": 1327, "avg_loss": 2.244390101026752, "avg_seq_perplexity": 9.753884172475509}