{"split": "perplexity evaluation", "num_ex": 1327, "avg_loss": 2.219473222906462, "avg_seq_perplexity": 9.514069270440844}