{"split": "perplexity evaluation", "num_ex": 1327, "avg_loss": 2.243118619595422, "avg_seq_perplexity": 9.729375912537678}