{"split": "perplexity evaluation", "num_ex": 1327, "avg_loss": 2.2211479871185005, "avg_seq_perplexity": 9.535084130086661}