{"split": "perplexity evaluation", "num_ex": 1327, "avg_loss": 2.416351203372268, "avg_seq_perplexity": 11.640789845516203}