{"split": "perplexity evaluation", "num_ex": 1327, "avg_loss": 2.2225495419649586, "avg_seq_perplexity": 9.545827789421628}