{"split": "perplexity evaluation", "num_ex": 1327, "avg_loss": 2.2675593591041823, "avg_seq_perplexity": 9.99168707611153}