{"split": "perplexity evaluation", "num_ex": 1327, "avg_loss": 2.222602528023738, "avg_seq_perplexity": 9.543659776516579}