{"split": "perplexity evaluation", "num_ex": 1327, "avg_loss": 2.214432004168237, "avg_seq_perplexity": 9.465955721316881}