{"split": "perplexity evaluation", "num_ex": 1327, "avg_loss": 2.206751785335814, "avg_seq_perplexity": 9.390834000565185}