{"split": "perplexity evaluation", "num_ex": 1327, "avg_loss": 2.2520999405378674, "avg_seq_perplexity": 9.836044943952524}