{"split": "perplexity evaluation", "num_ex": 1327, "avg_loss": 2.2584783213427846, "avg_seq_perplexity": 9.89585590146948}