{"split": "perplexity evaluation", "num_ex": 1327, "avg_loss": 2.2526505907945555, "avg_seq_perplexity": 9.841899903447626}