{"split": "perplexity evaluation", "num_ex": 1327, "avg_loss": 2.217954473200829, "avg_seq_perplexity": 9.501040587321025}