{"split": "perplexity evaluation", "num_ex": 1327, "avg_loss": 2.254026388529107, "avg_seq_perplexity": 9.853745967172193}