{"split": "perplexity evaluation", "num_ex": 1327, "avg_loss": 2.265815234669367, "avg_seq_perplexity": 9.961538008666164}