{"split": "perplexity evaluation", "num_ex": 1327, "avg_loss": 2.2198106410724376, "avg_seq_perplexity": 9.51518271359269}