{"split": "perplexity evaluation", "num_ex": 1327, "avg_loss": 2.203089491981443, "avg_seq_perplexity": 9.352946024868123}