{"split": "perplexity evaluation", "num_ex": 1327, "avg_loss": 2.2292601895134703, "avg_seq_perplexity": 9.614036301337604}