{"split": "perplexity evaluation", "num_ex": 1327, "avg_loss": 2.3916490291776564, "avg_seq_perplexity": 11.3412890919367}