{"split": "perplexity evaluation", "num_ex": 1327, "avg_loss": 2.275403687535324, "avg_seq_perplexity": 10.060227486812359}