{"split": "perplexity evaluation", "num_ex": 1327, "avg_loss": 2.216367835107385, "avg_seq_perplexity": 9.484395605689524}