{"split": "perplexity evaluation", "num_ex": 1327, "avg_loss": 2.1999346137316316, "avg_seq_perplexity": 9.324891378579503}