{"split": "perplexity evaluation", "num_ex": 1327, "avg_loss": 2.2235397189383947, "avg_seq_perplexity": 9.553340035088546}