{"split": "perplexity evaluation", "num_ex": 1327, "avg_loss": 2.2507802565113977, "avg_seq_perplexity": 9.820810716136021}