{"split": "perplexity evaluation", "num_ex": 1327, "avg_loss": 2.216145220068764, "avg_seq_perplexity": 9.48315190514318}