{"split": "perplexity evaluation", "num_ex": 1327, "avg_loss": 2.21705076653165, "avg_seq_perplexity": 9.48861756428975}