{"split": "perplexity evaluation", "num_ex": 1327, "avg_loss": 2.3238647736906555, "avg_seq_perplexity": 10.573238507912585}