{"split": "perplexity evaluation", "num_ex": 1327, "avg_loss": 2.22665669743783, "avg_seq_perplexity": 9.58387325146006}