{"split": "perplexity evaluation", "num_ex": 1327, "avg_loss": 2.200940980889695, "avg_seq_perplexity": 9.331981943528636}