{"split": "perplexity evaluation", "num_ex": 1327, "avg_loss": 2.2446892514836096, "avg_seq_perplexity": 9.760737771995101}