{"split": "perplexity evaluation", "num_ex": 1327, "avg_loss": 2.3045793201299927, "avg_seq_perplexity": 10.36965797499058}