{"split": "perplexity evaluation", "num_ex": 1327, "avg_loss": 2.219784883960531, "avg_seq_perplexity": 9.517844527128862}