{"split": "perplexity evaluation", "num_ex": 1327, "avg_loss": 2.221334726179823, "avg_seq_perplexity": 9.527798547004522}