{"split": "perplexity evaluation", "num_ex": 1327, "avg_loss": 2.2650353461167105, "avg_seq_perplexity": 9.95277691103052}