{"split": "perplexity evaluation", "num_ex": 1327, "avg_loss": 2.2177171398125473, "avg_seq_perplexity": 9.49949957611153}