{"split": "perplexity evaluation", "num_ex": 1327, "avg_loss": 2.2723382232597023, "avg_seq_perplexity": 10.02604338380746}