{"split": "perplexity evaluation", "num_ex": 1327, "avg_loss": 2.267321105819047, "avg_seq_perplexity": 9.979302320789374}