{"split": "perplexity evaluation", "num_ex": 1327, "avg_loss": 2.215707901104465, "avg_seq_perplexity": 9.47895791140731}