{"split": "perplexity evaluation", "num_ex": 1327, "avg_loss": 2.265461626318764, "avg_seq_perplexity": 9.959301555435193}