{"split": "perplexity evaluation", "num_ex": 1327, "avg_loss": 2.2261947252378484, "avg_seq_perplexity": 9.58342360587792}