{"split": "perplexity evaluation", "num_ex": 1327, "avg_loss": 2.2757122209400906, "avg_seq_perplexity": 10.062032692398267}