{"split": "perplexity evaluation", "num_ex": 1327, "avg_loss": 2.209287205044273, "avg_seq_perplexity": 9.410845804681612}