{"split": "perplexity evaluation", "num_ex": 1327, "avg_loss": 2.224455200287302, "avg_seq_perplexity": 9.562906962368123}