{"split": "perplexity evaluation", "num_ex": 1327, "avg_loss": 2.285764669779107, "avg_seq_perplexity": 10.196328802044084}