{"split": "perplexity evaluation", "num_ex": 1327, "avg_loss": 5.169048340947627, "avg_seq_perplexity": 100118232445.97438}