{"split": "perplexity evaluation", "num_ex": 1327, "avg_loss": 2.2710672937664844, "avg_seq_perplexity": 10.012745354888848}