{"split": "perplexity evaluation", "num_ex": 1327, "avg_loss": 2.2404074995878864, "avg_seq_perplexity": 9.72271438748116}