{"split": "perplexity evaluation", "num_ex": 1327, "avg_loss": 2.254355159664657, "avg_seq_perplexity": 9.847612094951018}