{"split": "perplexity evaluation", "num_ex": 1327, "avg_loss": 2.2763044505345706, "avg_seq_perplexity": 10.066384172475509}