{"split": "perplexity evaluation", "num_ex": 1327, "avg_loss": 2.2102448176690843, "avg_seq_perplexity": 9.426211761727581}