{"split": "perplexity evaluation", "num_ex": 1327, "avg_loss": 2.2617259251954596, "avg_seq_perplexity": 9.925965965288244}