{"split": "perplexity evaluation", "num_ex": 1327, "avg_loss": 2.2396726859810663, "avg_seq_perplexity": 9.709188960060287}