{"split": "perplexity evaluation", "num_ex": 1327, "avg_loss": 2.268779694270441, "avg_seq_perplexity": 9.991959365580255}