{"split": "perplexity evaluation", "num_ex": 1327, "avg_loss": 2.2636738987730785, "avg_seq_perplexity": 9.939406026281086}