{"split": "perplexity evaluation", "num_ex": 1327, "avg_loss": 2.2000941238460814, "avg_seq_perplexity": 9.324532250847778}