{"split": "perplexity evaluation", "num_ex": 1327, "avg_loss": 2.2693630928551243, "avg_seq_perplexity": 9.99793575146006}