{"split": "perplexity evaluation", "num_ex": 1327, "avg_loss": 2.252427423817822, "avg_seq_perplexity": 9.8350867793896}