{"split": "perplexity evaluation", "num_ex": 1327, "avg_loss": 2.2008307772466087, "avg_seq_perplexity": 9.328488543236624}