{"split": "perplexity evaluation", "num_ex": 1327, "avg_loss": 2.2172196595940092, "avg_seq_perplexity": 9.491446431094575}