{"split": "perplexity evaluation", "num_ex": 1327, "avg_loss": 2.263395354005746, "avg_seq_perplexity": 9.93578604818199}