{"split": "perplexity evaluation", "num_ex": 1327, "avg_loss": 2.213754592125094, "avg_seq_perplexity": 9.455594739073097}