{"split": "perplexity evaluation", "num_ex": 1327, "avg_loss": 2.2164655281532593, "avg_seq_perplexity": 9.4867100661737}