{"split": "perplexity evaluation", "num_ex": 1327, "avg_loss": 2.267547400445083, "avg_seq_perplexity": 9.980791817775057}