{"split": "perplexity evaluation", "num_ex": 1327, "avg_loss": 2.2006727389671252, "avg_seq_perplexity": 9.33007076582517}