{"split": "perplexity evaluation", "num_ex": 1327, "avg_loss": 2.2443369309886023, "avg_seq_perplexity": 9.762037402270158}