{"split": "perplexity evaluation", "num_ex": 1327, "avg_loss": 2.4556738502025244, "avg_seq_perplexity": 12.1187586838263}