{"split": "perplexity evaluation", "num_ex": 1327, "avg_loss": 2.2539483812759045, "avg_seq_perplexity": 9.864003920968349}