{"split": "perplexity evaluation", "num_ex": 1327, "avg_loss": 2.251198441621138, "avg_seq_perplexity": 9.824968649915222}