{"split": "perplexity evaluation", "num_ex": 1327, "avg_loss": 2.3036103007841935, "avg_seq_perplexity": 10.363606525527505}