{"split": "perplexity evaluation", "num_ex": 1327, "avg_loss": 2.24154449209919, "avg_seq_perplexity": 9.732831045120573}