{"split": "perplexity evaluation", "num_ex": 1327, "avg_loss": 2.4248366999105126, "avg_seq_perplexity": 11.736758636727581}