{"split": "perplexity evaluation", "num_ex": 1327, "avg_loss": 2.217305945918896, "avg_seq_perplexity": 9.49417447720422}