{"split": "perplexity evaluation", "num_ex": 1327, "avg_loss": 2.2034480677750565, "avg_seq_perplexity": 9.355582817209871}