{"split": "perplexity evaluation", "num_ex": 1327, "avg_loss": 2.2565183891060663, "avg_seq_perplexity": 9.87015103970422}