{"split": "perplexity evaluation", "num_ex": 1327, "avg_loss": 2.2552421242110965, "avg_seq_perplexity": 9.874517238131123}