{"split": "perplexity evaluation", "num_ex": 1327, "avg_loss": 2.2535110623116053, "avg_seq_perplexity": 9.85987027246609}