{"split": "perplexity evaluation", "num_ex": 1327, "avg_loss": 2.2248939910865673, "avg_seq_perplexity": 9.564754851168049}