{"split": "perplexity evaluation", "num_ex": 1327, "avg_loss": 2.210128910665505, "avg_seq_perplexity": 9.425917394734363}