{"split": "perplexity evaluation", "num_ex": 1327, "avg_loss": 2.2056986874175775, "avg_seq_perplexity": 9.378378597164657}