{"split": "perplexity evaluation", "num_ex": 1327, "avg_loss": 2.2476767085060287, "avg_seq_perplexity": 9.779582410983421}