{"split": "perplexity evaluation", "num_ex": 1327, "avg_loss": 2.1990559282568762, "avg_seq_perplexity": 9.314696713686887}