{"split": "perplexity evaluation", "num_ex": 1327, "avg_loss": 2.250134120961285, "avg_seq_perplexity": 9.819684762386963}