{"split": "perplexity evaluation", "num_ex": 1327, "avg_loss": 2.2942954252425585, "avg_seq_perplexity": 10.224334877778825}