{"split": "perplexity evaluation", "num_ex": 1327, "avg_loss": 2.2590427700522797, "avg_seq_perplexity": 9.906583370619819}