{"split": "perplexity evaluation", "num_ex": 1327, "avg_loss": 2.277081211437924, "avg_seq_perplexity": 10.07637719597777}