{"split": "perplexity evaluation", "num_ex": 1327, "avg_loss": 2.201402953089676, "avg_seq_perplexity": 9.337478511209495}