{"split": "perplexity evaluation", "num_ex": 1327, "avg_loss": 2.216829991286737, "avg_seq_perplexity": 9.484402964864355}