{"split": "perplexity evaluation", "num_ex": 1327, "avg_loss": 2.237173142249906, "avg_seq_perplexity": 9.698098683590807}