{"split": "perplexity evaluation", "num_ex": 1327, "avg_loss": 2.2014380931494912, "avg_seq_perplexity": 9.337323968538056}