{"split": "perplexity evaluation", "num_ex": 1327, "avg_loss": 2.206019179481443, "avg_seq_perplexity": 9.382896394593066}