{"split": "perplexity evaluation", "num_ex": 1327, "avg_loss": 2.2156063444918046, "avg_seq_perplexity": 9.476023808402411}