{"split": "perplexity evaluation", "num_ex": 1327, "avg_loss": 2.2038189701865107, "avg_seq_perplexity": 9.360335372315372}