{"split": "perplexity evaluation", "num_ex": 1327, "avg_loss": 2.203676938112283, "avg_seq_perplexity": 9.357405684815372}