{"split": "perplexity evaluation", "num_ex": 1327, "avg_loss": 2.2435000088310098, "avg_seq_perplexity": 9.7550086543896}