{"split": "perplexity evaluation", "num_ex": 1327, "avg_loss": 2.254225822167012, "avg_seq_perplexity": 9.853385367605501}