{"split": "perplexity evaluation", "num_ex": 1327, "avg_loss": 2.248155974766861, "avg_seq_perplexity": 9.795198579973624}