{"split": "perplexity evaluation", "num_ex": 1327, "avg_loss": 2.2313064080750755, "avg_seq_perplexity": 9.622892332328561}