{"split": "perplexity evaluation", "num_ex": 1327, "avg_loss": 2.211797787537679, "avg_seq_perplexity": 9.441868406179353}