{"split": "perplexity evaluation", "num_ex": 1327, "avg_loss": 2.245009191609363, "avg_seq_perplexity": 9.767640677986059}