{"split": "perplexity evaluation", "num_ex": 1327, "avg_loss": 2.2818517965217597, "avg_seq_perplexity": 10.12209680552939}