{"split": "perplexity evaluation", "num_ex": 1327, "avg_loss": 2.2683175380910887, "avg_seq_perplexity": 9.987943463875283}