{"split": "perplexity evaluation", "num_ex": 1327, "avg_loss": 2.2740273378626603, "avg_seq_perplexity": 10.04681686251884}