{"split": "perplexity evaluation", "num_ex": 1327, "avg_loss": 2.2540539854347212, "avg_seq_perplexity": 9.863421810239261}