{"split": "perplexity evaluation", "num_ex": 1327, "avg_loss": 2.2747146847918236, "avg_seq_perplexity": 10.052590135173324}