{"split": "perplexity evaluation", "num_ex": 1327, "avg_loss": 2.211335631358327, "avg_seq_perplexity": 9.434443734692916}