{"split": "perplexity evaluation", "num_ex": 1327, "avg_loss": 2.221559548970893, "avg_seq_perplexity": 9.534451976968727}