{"split": "perplexity evaluation", "num_ex": 1327, "avg_loss": 2.261199560215712, "avg_seq_perplexity": 9.938932831339487}