{"split": "perplexity evaluation", "num_ex": 1327, "avg_loss": 2.3178721976262247, "avg_seq_perplexity": 10.460595298370384}