{"split": "perplexity evaluation", "num_ex": 1327, "avg_loss": 2.2481802600438017, "avg_seq_perplexity": 9.790341524585532}