{"split": "perplexity evaluation", "num_ex": 1327, "avg_loss": 2.216769094115015, "avg_seq_perplexity": 9.488273154907686}