{"split": "perplexity evaluation", "num_ex": 1327, "avg_loss": 2.259435382029484, "avg_seq_perplexity": 9.901542335860965}