{"split": "perplexity evaluation", "num_ex": 1327, "avg_loss": 2.248904034888376, "avg_seq_perplexity": 9.802736582752448}