{"split": "perplexity evaluation", "num_ex": 1327, "avg_loss": 2.222769397313018, "avg_seq_perplexity": 9.546317910465335}