{"split": "perplexity evaluation", "num_ex": 1327, "avg_loss": 2.212210637245667, "avg_seq_perplexity": 9.449886963074604}