{"split": "perplexity evaluation", "num_ex": 1327, "avg_loss": 2.2621257123681238, "avg_seq_perplexity": 9.935853016672947}