{"split": "perplexity evaluation", "num_ex": 1327, "avg_loss": 2.2256385556000375, "avg_seq_perplexity": 9.574419655472871}