{"split": "perplexity evaluation", "num_ex": 1327, "avg_loss": 2.21607898749529, "avg_seq_perplexity": 9.482036990156368}