{"split": "perplexity evaluation", "num_ex": 1327, "avg_loss": 2.367228159440938, "avg_seq_perplexity": 11.051768851262246}