{"split": "perplexity evaluation", "num_ex": 1327, "avg_loss": 2.2144478263941223, "avg_seq_perplexity": 9.465722435474754}