{"split": "perplexity evaluation", "num_ex": 1327, "avg_loss": 2.201235899821025, "avg_seq_perplexity": 9.335904383713263}