{"split": "perplexity evaluation", "num_ex": 1327, "avg_loss": 2.3374827427350224, "avg_seq_perplexity": 10.720335902175961}