{"split": "perplexity evaluation", "num_ex": 1327, "avg_loss": 2.2167208915198757, "avg_seq_perplexity": 9.48827389082517}