{"split": "perplexity evaluation", "num_ex": 1327, "avg_loss": 2.245637297181142, "avg_seq_perplexity": 9.770267903400528}