{"split": "perplexity evaluation", "num_ex": 1327, "avg_loss": 2.2013369044955726, "avg_seq_perplexity": 9.33684120666918}