{"split": "perplexity evaluation", "num_ex": 1327, "avg_loss": 2.2634097043966652, "avg_seq_perplexity": 9.938313188818764}