{"split": "perplexity evaluation", "num_ex": 1327, "avg_loss": 2.20375347353052, "avg_seq_perplexity": 9.360171998634137}