{"split": "perplexity evaluation", "num_ex": 1327, "avg_loss": 2.2469805305670687, "avg_seq_perplexity": 9.789182454549737}