{"split": "perplexity evaluation", "num_ex": 1327, "avg_loss": 2.267084692327619, "avg_seq_perplexity": 9.975964935003768}