{"split": "perplexity evaluation", "num_ex": 1327, "avg_loss": 2.270188056353617, "avg_seq_perplexity": 10.007980289186134}