{"split": "perplexity evaluation", "num_ex": 1327, "avg_loss": 2.228000114803127, "avg_seq_perplexity": 9.594998116051244}