{"split": "perplexity evaluation", "num_ex": 1327, "avg_loss": 2.2560926608421252, "avg_seq_perplexity": 9.868169213922382}