{"split": "perplexity evaluation", "num_ex": 1327, "avg_loss": 2.2543455927373777, "avg_seq_perplexity": 9.85535762646006}