{"split": "perplexity evaluation", "num_ex": 1327, "avg_loss": 2.2061659950193104, "avg_seq_perplexity": 9.384034123021854}