{"split": "perplexity evaluation", "num_ex": 1327, "avg_loss": 2.2182582231419556, "avg_seq_perplexity": 9.502979729888848}