{"split": "perplexity evaluation", "num_ex": 1327, "avg_loss": 2.2027686319588358, "avg_seq_perplexity": 9.350153953937452}