{"split": "perplexity evaluation", "num_ex": 1327, "avg_loss": 2.225215219067916, "avg_seq_perplexity": 9.564830650668801}