{"split": "perplexity evaluation", "num_ex": 1327, "avg_loss": 2.329414879368406, "avg_seq_perplexity": 10.644884490391862}