{"split": "perplexity evaluation", "num_ex": 1327, "avg_loss": 2.2010381219974566, "avg_seq_perplexity": 9.334604753438207}