{"split": "perplexity evaluation", "num_ex": 1327, "avg_loss": 2.247288144074981, "avg_seq_perplexity": 9.784025880746043}