{"split": "perplexity evaluation", "num_ex": 1327, "avg_loss": 2.2813066656461944, "avg_seq_perplexity": 10.118993441503392}