{"split": "perplexity evaluation", "num_ex": 1327, "avg_loss": 2.2167256749835156, "avg_seq_perplexity": 9.483411684014694}