{"split": "perplexity evaluation", "num_ex": 1327, "avg_loss": 2.2024893512740205, "avg_seq_perplexity": 9.34778429964205}