{"split": "perplexity evaluation", "num_ex": 1327, "avg_loss": 2.2153040663856443, "avg_seq_perplexity": 9.471910029672193}