{"split": "perplexity evaluation", "num_ex": 1327, "avg_loss": 2.2753332234363226, "avg_seq_perplexity": 10.058609940184628}