{"split": "perplexity evaluation", "num_ex": 1327, "avg_loss": 2.3235790537278636, "avg_seq_perplexity": 10.581445459683497}