{"split": "perplexity evaluation", "num_ex": 1327, "avg_loss": 2.2264657268509795, "avg_seq_perplexity": 9.582555223247928}