{"split": "perplexity evaluation", "num_ex": 1327, "avg_loss": 2.215304434344386, "avg_seq_perplexity": 9.470156338310098}