{"split": "perplexity evaluation", "num_ex": 1327, "avg_loss": 2.2185801870407875, "avg_seq_perplexity": 9.5051344962792}