{"split": "perplexity evaluation", "num_ex": 1327, "avg_loss": 2.314571791694141, "avg_seq_perplexity": 10.45890710366428}