{"split": "perplexity evaluation", "num_ex": 1327, "avg_loss": 2.211269398784853, "avg_seq_perplexity": 9.435151687311604}