{"split": "perplexity evaluation", "num_ex": 1327, "avg_loss": 2.199335208941692, "avg_seq_perplexity": 9.315394363460815}