{"split": "perplexity evaluation", "num_ex": 1327, "avg_loss": 2.2110567186322534, "avg_seq_perplexity": 9.428943487424641}