{"split": "perplexity evaluation", "num_ex": 1327, "avg_loss": 2.4150749384772983, "avg_seq_perplexity": 11.624833682648832}