{"split": "perplexity evaluation", "num_ex": 1327, "avg_loss": 2.3073432422169367, "avg_seq_perplexity": 10.362217849237}