{"split": "perplexity evaluation", "num_ex": 1327, "avg_loss": 2.200260073238508, "avg_seq_perplexity": 9.324147366004144}