{"split": "perplexity evaluation", "num_ex": 1327, "avg_loss": 2.267334168354371, "avg_seq_perplexity": 9.97821831433685}