{"split": "perplexity evaluation", "num_ex": 1327, "avg_loss": 2.203928253932743, "avg_seq_perplexity": 9.361840323568199}