{"split": "perplexity evaluation", "num_ex": 1327, "avg_loss": 2.213303474707988, "avg_seq_perplexity": 9.45136321354559}