{"split": "perplexity evaluation", "num_ex": 1327, "avg_loss": 2.2606763228852675, "avg_seq_perplexity": 9.91690755698945}