{"split": "perplexity evaluation", "num_ex": 1327, "avg_loss": 2.272090587026658, "avg_seq_perplexity": 10.025911654577996}