{"split": "perplexity evaluation", "num_ex": 1327, "avg_loss": 2.2005908681471364, "avg_seq_perplexity": 9.329294372880558}