{"split": "perplexity evaluation", "num_ex": 1327, "avg_loss": 2.251343049406556, "avg_seq_perplexity": 9.833531049830444}