{"split": "perplexity evaluation", "num_ex": 1327, "avg_loss": 2.2138377508006784, "avg_seq_perplexity": 9.461473247927657}