{"split": "perplexity evaluation", "num_ex": 1327, "avg_loss": 2.267548872280049, "avg_seq_perplexity": 9.98822090476639}