{"split": "perplexity evaluation", "num_ex": 1327, "avg_loss": 2.244533236977204, "avg_seq_perplexity": 9.759048841371515}