{"split": "perplexity evaluation", "num_ex": 1327, "avg_loss": 2.2249994112660136, "avg_seq_perplexity": 9.569363902364355}