{"split": "perplexity evaluation", "num_ex": 1327, "avg_loss": 2.216800002649303, "avg_seq_perplexity": 9.490915834589298}