{"split": "perplexity evaluation", "num_ex": 1327, "avg_loss": 2.3199423335060287, "avg_seq_perplexity": 10.487595374905803}