{"split": "perplexity evaluation", "num_ex": 1327, "avg_loss": 2.2704787437594196, "avg_seq_perplexity": 10.009948868453279}