{"split": "perplexity evaluation", "num_ex": 1327, "avg_loss": 2.243707169602487, "avg_seq_perplexity": 9.751289327430294}