{"split": "perplexity evaluation", "num_ex": 1327, "avg_loss": 2.2168465494301053, "avg_seq_perplexity": 9.488371767850415}