{"split": "perplexity evaluation", "num_ex": 1327, "avg_loss": 2.226604815255275, "avg_seq_perplexity": 9.584916046533534}