{"split": "perplexity evaluation", "num_ex": 1327, "avg_loss": 2.2355289186134137, "avg_seq_perplexity": 9.66638064007159}