{"split": "perplexity evaluation", "num_ex": 1327, "avg_loss": 2.2323755121985682, "avg_seq_perplexity": 9.638576941644688}