{"split": "perplexity evaluation", "num_ex": 1327, "avg_loss": 2.229832549335908, "avg_seq_perplexity": 9.608560339346269}