{"split": "perplexity evaluation", "num_ex": 1327, "avg_loss": 2.2105642058567256, "avg_seq_perplexity": 9.429229759325546}