{"split": "perplexity evaluation", "num_ex": 1327, "avg_loss": 2.272243105925019, "avg_seq_perplexity": 10.027948674171062}