{"split": "perplexity evaluation", "num_ex": 1327, "avg_loss": 2.2501922584424454, "avg_seq_perplexity": 9.813968155378674}