{"split": "perplexity evaluation", "num_ex": 1327, "avg_loss": 2.252469003155614, "avg_seq_perplexity": 9.829881635032027}