{"split": "perplexity evaluation", "num_ex": 1327, "avg_loss": 2.259091708564902, "avg_seq_perplexity": 9.895245089958554}