{"split": "perplexity evaluation", "num_ex": 1327, "avg_loss": 2.308729342796251, "avg_seq_perplexity": 10.37158902246609}