{"split": "perplexity evaluation", "num_ex": 1327, "avg_loss": 2.2453230604158816, "avg_seq_perplexity": 9.76920744630746}