{"split": "perplexity evaluation", "num_ex": 1327, "avg_loss": 2.2170794673134893, "avg_seq_perplexity": 9.493771930340994}