{"split": "perplexity evaluation", "num_ex": 1327, "avg_loss": 2.253902386433214, "avg_seq_perplexity": 9.85375479818199}