{"split": "perplexity evaluation", "num_ex": 1327, "avg_loss": 2.2029919829149396, "avg_seq_perplexity": 9.351981237047852}