{"split": "perplexity evaluation", "num_ex": 1327, "avg_loss": 2.2701762816738884, "avg_seq_perplexity": 10.008361494442351}