{"split": "perplexity evaluation", "num_ex": 1327, "avg_loss": 2.221028216548135, "avg_seq_perplexity": 9.526528353428787}