{"split": "perplexity evaluation", "num_ex": 1327, "avg_loss": 2.2187424568457987, "avg_seq_perplexity": 9.50828643085908}