{"split": "perplexity evaluation", "num_ex": 1327, "avg_loss": 2.204546056659759, "avg_seq_perplexity": 9.365632506358327}