{"split": "perplexity evaluation", "num_ex": 1327, "avg_loss": 2.3062172884678787, "avg_seq_perplexity": 10.345271877354936}