{"split": "perplexity evaluation", "num_ex": 1327, "avg_loss": 2.252826291093632, "avg_seq_perplexity": 9.839353628956292}