{"split": "perplexity evaluation", "num_ex": 1327, "avg_loss": 2.2643445035795025, "avg_seq_perplexity": 9.945111594527129}