{"split": "perplexity evaluation", "num_ex": 1327, "avg_loss": 2.362725448320931, "avg_seq_perplexity": 10.993428992793897}