{"split": "perplexity evaluation", "num_ex": 1327, "avg_loss": 2.2869228199180482, "avg_seq_perplexity": 10.155402958977016}