{"split": "perplexity evaluation", "num_ex": 1327, "avg_loss": 2.2187003255698947, "avg_seq_perplexity": 9.504584030001883}