{"split": "perplexity evaluation", "num_ex": 1327, "avg_loss": 2.2291049109245478, "avg_seq_perplexity": 9.60114670662208}