{"split": "perplexity evaluation", "num_ex": 1327, "avg_loss": 2.232980988307743, "avg_seq_perplexity": 9.645911095280708}