{"split": "perplexity evaluation", "num_ex": 1327, "avg_loss": 2.2153434379709873, "avg_seq_perplexity": 9.47235158016202}