{"split": "perplexity evaluation", "num_ex": 1327, "avg_loss": 2.2189198129592125, "avg_seq_perplexity": 9.506423087792012}