{"split": "perplexity evaluation", "num_ex": 1327, "avg_loss": 2.2427366784217218, "avg_seq_perplexity": 9.740936440278825}