{"split": "perplexity evaluation", "num_ex": 1327, "avg_loss": 2.2014086564501696, "avg_seq_perplexity": 9.33791711802939}