{"split": "perplexity evaluation", "num_ex": 1327, "avg_loss": 2.2017113025150716, "avg_seq_perplexity": 9.339550118924265}