{"split": "perplexity evaluation", "num_ex": 1327, "avg_loss": 2.313485761468538, "avg_seq_perplexity": 10.418434585766768}