{"split": "perplexity evaluation", "num_ex": 1327, "avg_loss": 2.240572529083459, "avg_seq_perplexity": 9.719718467407686}