{"split": "perplexity evaluation", "num_ex": 1327, "avg_loss": 2.335201030578843, "avg_seq_perplexity": 10.690367134513941}