{"split": "perplexity evaluation", "num_ex": 1327, "avg_loss": 2.270044920403165, "avg_seq_perplexity": 10.00437282168425}