{"split": "perplexity evaluation", "num_ex": 1327, "avg_loss": 2.219590233786266, "avg_seq_perplexity": 9.520371667765637}