{"split": "perplexity evaluation", "num_ex": 1327, "avg_loss": 2.2159719115015073, "avg_seq_perplexity": 9.48086025810098}