{"split": "perplexity evaluation", "num_ex": 1327, "avg_loss": 2.2427681388941223, "avg_seq_perplexity": 9.744176684956669}