{"split": "perplexity evaluation", "num_ex": 1327, "avg_loss": 2.2462775453913904, "avg_seq_perplexity": 9.772982702995478}