{"split": "perplexity evaluation", "num_ex": 1327, "avg_loss": 2.2289614070153543, "avg_seq_perplexity": 9.605941209024115}