{"split": "perplexity evaluation", "num_ex": 1327, "avg_loss": 2.253418704667483, "avg_seq_perplexity": 9.846253591277318}