{"split": "perplexity evaluation", "num_ex": 1327, "avg_loss": 2.276259191609363, "avg_seq_perplexity": 10.069561864167294}