{"split": "perplexity evaluation", "num_ex": 1327, "avg_loss": 2.2165939457540507, "avg_seq_perplexity": 9.486742446542953}