{"split": "perplexity evaluation", "num_ex": 1327, "avg_loss": 2.2161844076747363, "avg_seq_perplexity": 9.481472541446873}