{"split": "perplexity evaluation", "num_ex": 1327, "avg_loss": 2.2329898193175395, "avg_seq_perplexity": 9.64431121067257}