{"split": "perplexity evaluation", "num_ex": 1327, "avg_loss": 2.2251946133783913, "avg_seq_perplexity": 9.56796786689902}