{"split": "perplexity evaluation", "num_ex": 1327, "avg_loss": 2.2711121847329503, "avg_seq_perplexity": 10.0132899338263}