{"split": "perplexity evaluation", "num_ex": 1327, "avg_loss": 2.2011884331433684, "avg_seq_perplexity": 9.334961673417483}