{"split": "perplexity evaluation", "num_ex": 1327, "avg_loss": 2.257998319164469, "avg_seq_perplexity": 9.902951617840994}