{"split": "perplexity evaluation", "num_ex": 1327, "avg_loss": 2.2489544452359644, "avg_seq_perplexity": 9.802035253391107}