{"split": "perplexity evaluation", "num_ex": 1327, "avg_loss": 2.267224700628768, "avg_seq_perplexity": 9.987832340335343}