{"split": "perplexity evaluation", "num_ex": 1327, "avg_loss": 2.2180913538526754, "avg_seq_perplexity": 9.501463003956292}