{"split": "perplexity evaluation", "num_ex": 1327, "avg_loss": 2.2638869468844196, "avg_seq_perplexity": 9.95001648455162}