{"split": "perplexity evaluation", "num_ex": 1327, "avg_loss": 2.262726956951771, "avg_seq_perplexity": 9.933280249152222}