{"split": "perplexity evaluation", "num_ex": 1327, "avg_loss": 2.247273057766579, "avg_seq_perplexity": 9.790075122456669}