{"split": "perplexity evaluation", "num_ex": 1327, "avg_loss": 2.2014417727369064, "avg_seq_perplexity": 9.339464016578749}