{"split": "perplexity evaluation", "num_ex": 1327, "avg_loss": 2.2207415766884893, "avg_seq_perplexity": 9.528429964204973}