{"split": "perplexity evaluation", "num_ex": 1327, "avg_loss": 2.2243639465194045, "avg_seq_perplexity": 9.561000936087039}