{"split": "perplexity evaluation", "num_ex": 1327, "avg_loss": 2.2650802370831764, "avg_seq_perplexity": 9.95501262834401}