{"split": "perplexity evaluation", "num_ex": 1327, "avg_loss": 2.2008844992228713, "avg_seq_perplexity": 9.331935580727205}