{"split": "perplexity evaluation", "num_ex": 1327, "avg_loss": 2.247124218455633, "avg_seq_perplexity": 9.787881352439713}