{"split": "perplexity evaluation", "num_ex": 1327, "avg_loss": 2.225973949992935, "avg_seq_perplexity": 9.574304852345517}