{"split": "perplexity evaluation", "num_ex": 1327, "avg_loss": 2.2765636774679727, "avg_seq_perplexity": 10.036696525292012}