{"split": "perplexity evaluation", "num_ex": 1327, "avg_loss": 2.279527769110305, "avg_seq_perplexity": 10.110180829643934}