{"split": "perplexity evaluation", "num_ex": 1327, "avg_loss": 2.21627234981396, "avg_seq_perplexity": 9.488372503767897}