{"split": "perplexity evaluation", "num_ex": 1327, "avg_loss": 2.2284714699510175, "avg_seq_perplexity": 9.60068970186511}