{"split": "perplexity evaluation", "num_ex": 1327, "avg_loss": 2.202542153353429, "avg_seq_perplexity": 9.349920668095328}