{"split": "perplexity evaluation", "num_ex": 1327, "avg_loss": 2.2084272854653353, "avg_seq_perplexity": 9.404452889506405}