{"split": "perplexity evaluation", "num_ex": 1327, "avg_loss": 2.2001982561699323, "avg_seq_perplexity": 9.323939101356443}