{"split": "perplexity evaluation", "num_ex": 1327, "avg_loss": 2.258369221575923, "avg_seq_perplexity": 9.886907880793142}