{"split": "perplexity evaluation", "num_ex": 1327, "avg_loss": 2.2789162216818952, "avg_seq_perplexity": 10.093059709400904}