{"split": "perplexity evaluation", "num_ex": 1327, "avg_loss": 2.246300174853994, "avg_seq_perplexity": 9.762211078796156}