{"split": "perplexity evaluation", "num_ex": 1327, "avg_loss": 2.2624846561204786, "avg_seq_perplexity": 9.925564154342501}