{"split": "perplexity evaluation", "num_ex": 1327, "avg_loss": 2.25266622904107, "avg_seq_perplexity": 9.841745360776187}