{"split": "perplexity evaluation", "num_ex": 1327, "avg_loss": 2.224054861176526, "avg_seq_perplexity": 9.557877702288998}