{"split": "perplexity evaluation", "num_ex": 1327, "avg_loss": 2.2045164359810663, "avg_seq_perplexity": 9.368945606866994}