{"split": "perplexity evaluation", "num_ex": 1327, "avg_loss": 2.2547045364897325, "avg_seq_perplexity": 9.863287137339864}