{"split": "perplexity evaluation", "num_ex": 1327, "avg_loss": 2.265955242970516, "avg_seq_perplexity": 9.960991221976263}