{"split": "perplexity evaluation", "num_ex": 1327, "avg_loss": 2.217736457646477, "avg_seq_perplexity": 9.49612539445177}