{"split": "perplexity evaluation", "num_ex": 1327, "avg_loss": 2.2721958232267334, "avg_seq_perplexity": 10.055642720892992}