{"split": "perplexity evaluation", "num_ex": 1327, "avg_loss": 2.313268481831669, "avg_seq_perplexity": 10.452279430811982}