{"split": "perplexity evaluation", "num_ex": 1327, "avg_loss": 2.2400459801243406, "avg_seq_perplexity": 9.71451479488508}