{"split": "perplexity evaluation", "num_ex": 1327, "avg_loss": 2.3076306179940658, "avg_seq_perplexity": 10.353155761350791}