{"split": "perplexity evaluation", "num_ex": 1327, "avg_loss": 2.2641217045615107, "avg_seq_perplexity": 9.943753090853429}