{"split": "perplexity evaluation", "num_ex": 1327, "avg_loss": 2.254366750365015, "avg_seq_perplexity": 9.865882718302561}