{"split": "perplexity evaluation", "num_ex": 1327, "avg_loss": 2.2166311095869444, "avg_seq_perplexity": 9.485727616333836}