{"split": "perplexity evaluation", "num_ex": 1327, "avg_loss": 2.2030054134090054, "avg_seq_perplexity": 9.351873057177844}