{"split": "perplexity evaluation", "num_ex": 1327, "avg_loss": 2.310525349413621, "avg_seq_perplexity": 10.378316780096082}