{"split": "perplexity evaluation", "num_ex": 1327, "avg_loss": 2.2701453731396004, "avg_seq_perplexity": 10.009745755227957}