{"split": "perplexity evaluation", "num_ex": 1327, "avg_loss": 2.407620278353429, "avg_seq_perplexity": 11.533064772513187}