{"split": "perplexity evaluation", "num_ex": 1327, "avg_loss": 2.2174408027976638, "avg_seq_perplexity": 9.48979429634514}