{"split": "perplexity evaluation", "num_ex": 1327, "avg_loss": 2.2011676434744727, "avg_seq_perplexity": 9.336260567775057}