{"split": "perplexity evaluation", "num_ex": 1327, "avg_loss": 2.266827489167295, "avg_seq_perplexity": 9.973901422381312}