{"split": "perplexity evaluation", "num_ex": 1327, "avg_loss": 2.253914529071684, "avg_seq_perplexity": 9.858774491333836}