{"split": "perplexity evaluation", "num_ex": 1327, "avg_loss": 2.215896663938866, "avg_seq_perplexity": 9.47243621067257}