{"split": "perplexity evaluation", "num_ex": 1327, "avg_loss": 2.228722969750848, "avg_seq_perplexity": 9.602395558590807}