{"split": "perplexity evaluation", "num_ex": 1327, "avg_loss": 2.2505865262339864, "avg_seq_perplexity": 9.826131399538433}