{"split": "perplexity evaluation", "num_ex": 1327, "avg_loss": 2.2164647922357763, "avg_seq_perplexity": 9.484453007253203}