{"split": "perplexity evaluation", "num_ex": 1327, "avg_loss": 2.267727332269687, "avg_seq_perplexity": 9.988605789610023}