{"split": "perplexity evaluation", "num_ex": 1327, "avg_loss": 2.2707315314148455, "avg_seq_perplexity": 10.01377563936511}