{"split": "perplexity evaluation", "num_ex": 1327, "avg_loss": 2.33324716966136, "avg_seq_perplexity": 10.629036507394499}