{"split": "perplexity evaluation", "num_ex": 1327, "avg_loss": 2.2030477286642802, "avg_seq_perplexity": 9.353043165975885}