{"split": "perplexity evaluation", "num_ex": 1327, "avg_loss": 2.275566141319706, "avg_seq_perplexity": 10.061991481019216}