{"split": "perplexity evaluation", "num_ex": 1327, "avg_loss": 2.380241756252355, "avg_seq_perplexity": 11.209650380322156}