{"split": "perplexity evaluation", "num_ex": 1327, "avg_loss": 2.427142329384891, "avg_seq_perplexity": 11.76773045991899}