{"split": "perplexity evaluation", "num_ex": 1327, "avg_loss": 2.256446085213357, "avg_seq_perplexity": 9.873287520016955}