{"split": "perplexity evaluation", "num_ex": 1327, "avg_loss": 2.2161211187711944, "avg_seq_perplexity": 9.480974325310852}