{"split": "perplexity evaluation", "num_ex": 1327, "avg_loss": 2.2590698150197817, "avg_seq_perplexity": 9.900987454078749}