{"split": "perplexity evaluation", "num_ex": 1327, "avg_loss": 2.2209945483232856, "avg_seq_perplexity": 9.529053286313113}