{"split": "perplexity evaluation", "num_ex": 1327, "avg_loss": 2.2650844686087037, "avg_seq_perplexity": 9.954213421957423}