{"split": "perplexity evaluation", "num_ex": 1327, "avg_loss": 2.203392873963828, "avg_seq_perplexity": 9.35783030920309}