{"split": "perplexity evaluation", "num_ex": 1327, "avg_loss": 2.276990509608139, "avg_seq_perplexity": 10.07668701723813}