{"split": "perplexity evaluation", "num_ex": 1327, "avg_loss": 2.2162611270723436, "avg_seq_perplexity": 9.482426290504899}