{"split": "perplexity evaluation", "num_ex": 1327, "avg_loss": 2.2041530767238133, "avg_seq_perplexity": 9.365728911548606}