{"split": "perplexity evaluation", "num_ex": 1327, "avg_loss": 2.2086384937829693, "avg_seq_perplexity": 9.405566332658251}