{"split": "perplexity evaluation", "num_ex": 1327, "avg_loss": 2.406598824886963, "avg_seq_perplexity": 11.525239761915977}