{"split": "perplexity evaluation", "num_ex": 1327, "avg_loss": 2.4455847894687266, "avg_seq_perplexity": 11.99909114190844}