{"split": "perplexity evaluation", "num_ex": 1327, "avg_loss": 2.2772856125188397, "avg_seq_perplexity": 10.08289668896006}