{"split": "perplexity evaluation", "num_ex": 1327, "avg_loss": 2.227274132206104, "avg_seq_perplexity": 9.58755431071025}