{"split": "perplexity evaluation", "num_ex": 1327, "avg_loss": 2.276411158569612, "avg_seq_perplexity": 10.06998354488508}