{"split": "perplexity evaluation", "num_ex": 1327, "avg_loss": 2.2251572655661267, "avg_seq_perplexity": 9.565901410606632}