{"split": "perplexity evaluation", "num_ex": 1327, "avg_loss": 2.246373950581669, "avg_seq_perplexity": 9.76774959377355}