{"split": "perplexity evaluation", "num_ex": 1327, "avg_loss": 2.2047180773714206, "avg_seq_perplexity": 9.368310510079127}