{"split": "perplexity evaluation", "num_ex": 1327, "avg_loss": 2.200413144074981, "avg_seq_perplexity": 9.325969497692164}