{"split": "perplexity evaluation", "num_ex": 1327, "avg_loss": 2.2657055829643933, "avg_seq_perplexity": 9.959456098106632}