{"split": "perplexity evaluation", "num_ex": 1327, "avg_loss": 2.340459160995196, "avg_seq_perplexity": 10.747308013847023}