{"split": "perplexity evaluation", "num_ex": 1327, "avg_loss": 2.3274678256876413, "avg_seq_perplexity": 10.605161136492088}