{"split": "perplexity evaluation", "num_ex": 1327, "avg_loss": 2.3014739323309157, "avg_seq_perplexity": 10.277599113366616}