{"split": "perplexity evaluation", "num_ex": 1327, "avg_loss": 2.2654844397607383, "avg_seq_perplexity": 9.959821849095704}