{"split": "perplexity evaluation", "num_ex": 1327, "avg_loss": 2.259350383560192, "avg_seq_perplexity": 9.901948562311604}