{"split": "perplexity evaluation", "num_ex": 1327, "avg_loss": 2.2650351621373397, "avg_seq_perplexity": 9.953080109033534}