{"split": "perplexity evaluation", "num_ex": 1327, "avg_loss": 2.2157699021524113, "avg_seq_perplexity": 9.47758468938395}