{"split": "perplexity evaluation", "num_ex": 1327, "avg_loss": 2.2165641410959873, "avg_seq_perplexity": 9.486119860352298}