{"split": "perplexity evaluation", "num_ex": 1327, "avg_loss": 2.2546537581834025, "avg_seq_perplexity": 9.870900939619442}