{"split": "perplexity evaluation", "num_ex": 1327, "avg_loss": 2.2020971072555575, "avg_seq_perplexity": 9.347096952712887}