{"split": "perplexity evaluation", "num_ex": 1327, "avg_loss": 2.254543738519687, "avg_seq_perplexity": 9.859327901281086}