{"split": "perplexity evaluation", "num_ex": 1327, "avg_loss": 2.2707806539068387, "avg_seq_perplexity": 10.013866893133006}