{"split": "perplexity evaluation", "num_ex": 1327, "avg_loss": 2.2575757185498304, "avg_seq_perplexity": 9.889387186793519}