{"split": "perplexity evaluation", "num_ex": 1327, "avg_loss": 2.2976217722659196, "avg_seq_perplexity": 10.286467654954786}