{"split": "perplexity evaluation", "num_ex": 1327, "avg_loss": 2.259661492676149, "avg_seq_perplexity": 9.900427420874152}