{"split": "perplexity evaluation", "num_ex": 1327, "avg_loss": 2.2658481669767334, "avg_seq_perplexity": 9.962460849189902}