{"split": "perplexity evaluation", "num_ex": 1327, "avg_loss": 2.260611930105501, "avg_seq_perplexity": 9.911977645770534}