{"split": "perplexity evaluation", "num_ex": 1327, "avg_loss": 2.214115191691786, "avg_seq_perplexity": 9.46392753273361}