{"split": "perplexity evaluation", "num_ex": 1327, "avg_loss": 2.219094409382065, "avg_seq_perplexity": 9.508346040175207}