{"split": "perplexity evaluation", "num_ex": 1327, "avg_loss": 2.2264390498422193, "avg_seq_perplexity": 9.581613248869632}