{"split": "perplexity evaluation", "num_ex": 1327, "avg_loss": 2.2031553565961755, "avg_seq_perplexity": 9.354360458270534}