{"split": "perplexity evaluation", "num_ex": 1327, "avg_loss": 2.3206088907662963, "avg_seq_perplexity": 10.536633972305953}