{"split": "perplexity evaluation", "num_ex": 1327, "avg_loss": 2.370989985634891, "avg_seq_perplexity": 11.068646382818388}