{"split": "perplexity evaluation", "num_ex": 1327, "avg_loss": 2.206676905731914, "avg_seq_perplexity": 9.390281326535419}