{"split": "perplexity evaluation", "num_ex": 1327, "avg_loss": 2.21829796268604, "avg_seq_perplexity": 9.504533987613037}