{"split": "perplexity evaluation", "num_ex": 1327, "avg_loss": 2.25242687187971, "avg_seq_perplexity": 9.84064884372645}