{"split": "perplexity evaluation", "num_ex": 1327, "avg_loss": 2.2408954128791447, "avg_seq_perplexity": 9.727615597918236}