{"split": "perplexity evaluation", "num_ex": 1327, "avg_loss": 2.260163572378956, "avg_seq_perplexity": 9.905197637999246}