{"split": "perplexity evaluation", "num_ex": 1327, "avg_loss": 2.2312902178904483, "avg_seq_perplexity": 9.630088869395253}