{"split": "perplexity evaluation", "num_ex": 1327, "avg_loss": 2.271151004380181, "avg_seq_perplexity": 10.016789957375659}