{"split": "perplexity evaluation", "num_ex": 1327, "avg_loss": 2.4493841474543143, "avg_seq_perplexity": 12.038977133571967}