{"split": "perplexity evaluation", "num_ex": 1327, "avg_loss": 2.2538287946849094, "avg_seq_perplexity": 9.850009714110776}