{"split": "perplexity evaluation", "num_ex": 1327, "avg_loss": 2.21728993971364, "avg_seq_perplexity": 9.493727039374528}