{"split": "perplexity evaluation", "num_ex": 1327, "avg_loss": 2.229452263976545, "avg_seq_perplexity": 9.611820453796156}