{"split": "perplexity evaluation", "num_ex": 1327, "avg_loss": 2.2138289197908816, "avg_seq_perplexity": 9.459627566880181}