{"split": "perplexity evaluation", "num_ex": 1327, "avg_loss": 2.2603451600178976, "avg_seq_perplexity": 9.905584730595328}