{"split": "perplexity evaluation", "num_ex": 1327, "avg_loss": 2.22123243364968, "avg_seq_perplexity": 9.530276381169932}