{"split": "perplexity evaluation", "num_ex": 1327, "avg_loss": 2.265153828831481, "avg_seq_perplexity": 9.953361229512057}