{"split": "perplexity evaluation", "num_ex": 1327, "avg_loss": 2.2649768406768085, "avg_seq_perplexity": 9.954092731490203}