{"split": "perplexity evaluation", "num_ex": 1327, "avg_loss": 2.2287579258312924, "avg_seq_perplexity": 9.600853075546345}