{"split": "perplexity evaluation", "num_ex": 1327, "avg_loss": 2.2282462792012057, "avg_seq_perplexity": 9.596074763328938}