{"split": "perplexity evaluation", "num_ex": 1327, "avg_loss": 2.22002865662679, "avg_seq_perplexity": 9.515580109033534}