{"split": "perplexity evaluation", "num_ex": 1327, "avg_loss": 2.215106104582705, "avg_seq_perplexity": 9.475707363884702}