{"split": "perplexity evaluation", "num_ex": 1327, "avg_loss": 2.2094128629545025, "avg_seq_perplexity": 9.413932978522984}