{"split": "perplexity evaluation", "num_ex": 1327, "avg_loss": 2.2027364355689527, "avg_seq_perplexity": 9.351662584777694}