{"split": "perplexity evaluation", "num_ex": 1327, "avg_loss": 2.232852386727581, "avg_seq_perplexity": 9.645687376365863}