{"split": "perplexity evaluation", "num_ex": 1327, "avg_loss": 2.2153296395181803, "avg_seq_perplexity": 9.474043454455538}