{"split": "perplexity evaluation", "num_ex": 1327, "avg_loss": 2.2163111694611906, "avg_seq_perplexity": 9.479693828890355}