{"split": "perplexity evaluation", "num_ex": 1327, "avg_loss": 2.245075608162208, "avg_seq_perplexity": 9.768219845045214}