{"split": "perplexity evaluation", "num_ex": 1327, "avg_loss": 2.4444511085860965, "avg_seq_perplexity": 11.980302432648832}