{"split": "perplexity evaluation", "num_ex": 1327, "avg_loss": 2.245071560616051, "avg_seq_perplexity": 9.751275344998117}