{"split": "perplexity evaluation", "num_ex": 1327, "avg_loss": 2.2988608733279956, "avg_seq_perplexity": 10.26606728640731}