{"split": "perplexity evaluation", "num_ex": 1327, "avg_loss": 2.2755998095445555, "avg_seq_perplexity": 10.061891396241522}