{"split": "perplexity evaluation", "num_ex": 1327, "avg_loss": 2.248227910700829, "avg_seq_perplexity": 9.794127084118312}