{"split": "perplexity evaluation", "num_ex": 1327, "avg_loss": 2.247169661360211, "avg_seq_perplexity": 9.783402558637905}