{"split": "perplexity evaluation", "num_ex": 1327, "avg_loss": 2.269421046356914, "avg_seq_perplexity": 10.001347464911454}