{"split": "perplexity evaluation", "num_ex": 1327, "avg_loss": 2.2468736385526564, "avg_seq_perplexity": 9.782961008148078}