{"split": "perplexity evaluation", "num_ex": 1327, "avg_loss": 2.216281180823757, "avg_seq_perplexity": 9.47955768415599}