{"split": "perplexity evaluation", "num_ex": 1327, "avg_loss": 2.216793195412585, "avg_seq_perplexity": 9.488223848436322}