{"split": "perplexity evaluation", "num_ex": 1327, "avg_loss": 2.2024731610893933, "avg_seq_perplexity": 9.348912461143557}