{"split": "perplexity evaluation", "num_ex": 1327, "avg_loss": 2.31084179393133, "avg_seq_perplexity": 10.431887893274302}