{"split": "perplexity evaluation", "num_ex": 1327, "avg_loss": 2.201861981619725, "avg_seq_perplexity": 9.342659370290129}