{"split": "perplexity evaluation", "num_ex": 1327, "avg_loss": 2.268425350002355, "avg_seq_perplexity": 9.989574992935193}