{"split": "perplexity evaluation", "num_ex": 1327, "avg_loss": 2.213645492358233, "avg_seq_perplexity": 9.455126695553881}