{"split": "perplexity evaluation", "num_ex": 1327, "avg_loss": 2.2337353037278636, "avg_seq_perplexity": 9.642960802091183}