{"split": "perplexity evaluation", "num_ex": 1327, "avg_loss": 2.2188465891696496, "avg_seq_perplexity": 9.509416800113037}