{"split": "perplexity evaluation", "num_ex": 1327, "avg_loss": 2.200782942610211, "avg_seq_perplexity": 9.331349054493218}