{"split": "perplexity evaluation", "num_ex": 1327, "avg_loss": 2.2261794549500755, "avg_seq_perplexity": 9.582480159664657}