{"split": "perplexity evaluation", "num_ex": 1327, "avg_loss": 2.2661890807507534, "avg_seq_perplexity": 9.972053533581386}