{"split": "perplexity evaluation", "num_ex": 1327, "avg_loss": 2.2669520432012997, "avg_seq_perplexity": 9.980157456904672}