{"split": "perplexity evaluation", "num_ex": 1327, "avg_loss": 2.2035923076017334, "avg_seq_perplexity": 9.3589930588263}