{"split": "perplexity evaluation", "num_ex": 1327, "avg_loss": 2.21615865056283, "avg_seq_perplexity": 9.480919131499624}