{"split": "perplexity evaluation", "num_ex": 1327, "avg_loss": 2.2181772722188207, "avg_seq_perplexity": 9.503460284005275}