{"split": "perplexity evaluation", "num_ex": 1327, "avg_loss": 2.268513108162208, "avg_seq_perplexity": 9.989533045638659}