{"split": "perplexity evaluation", "num_ex": 1327, "avg_loss": 2.2462580435780897, "avg_seq_perplexity": 9.776865403636021}