{"split": "perplexity evaluation", "num_ex": 1327, "avg_loss": 2.2073659084754143, "avg_seq_perplexity": 9.39022392497174}