{"split": "perplexity evaluation", "num_ex": 1327, "avg_loss": 2.264611457646477, "avg_seq_perplexity": 9.949793501554257}