{"split": "perplexity evaluation", "num_ex": 1327, "avg_loss": 2.2211941659405614, "avg_seq_perplexity": 9.518406032168425}