{"split": "perplexity evaluation", "num_ex": 1327, "avg_loss": 2.298842107432178, "avg_seq_perplexity": 10.271759608138659}