{"split": "perplexity evaluation", "num_ex": 1327, "avg_loss": 2.201836040528448, "avg_seq_perplexity": 9.341892544272795}