{"split": "perplexity evaluation", "num_ex": 1327, "avg_loss": 2.270042712650716, "avg_seq_perplexity": 10.001897195271289}