{"split": "perplexity evaluation", "num_ex": 1327, "avg_loss": 2.3471514106066316, "avg_seq_perplexity": 10.820909329078749}