{"split": "perplexity evaluation", "num_ex": 1327, "avg_loss": 2.2501968579267144, "avg_seq_perplexity": 9.8151780037208}