{"split": "perplexity evaluation", "num_ex": 1327, "avg_loss": 2.2279785892167485, "avg_seq_perplexity": 9.595682519310476}