{"split": "perplexity evaluation", "num_ex": 1327, "avg_loss": 2.213798011256594, "avg_seq_perplexity": 9.458012228004899}