{"split": "perplexity evaluation", "num_ex": 1327, "avg_loss": 2.2034701452995478, "avg_seq_perplexity": 9.35798264412208}