{"split": "perplexity evaluation", "num_ex": 1327, "avg_loss": 2.219596489084872, "avg_seq_perplexity": 9.514190696825546}