{"split": "perplexity evaluation", "num_ex": 1327, "avg_loss": 2.3111810518910136, "avg_seq_perplexity": 10.43060371726639}