{"split": "perplexity evaluation", "num_ex": 1327, "avg_loss": 2.2595849572579128, "avg_seq_perplexity": 9.90379424335908}