{"split": "perplexity evaluation", "num_ex": 1327, "avg_loss": 2.2511655093137715, "avg_seq_perplexity": 9.834261079973624}