{"split": "perplexity evaluation", "num_ex": 1327, "avg_loss": 2.217868002896571, "avg_seq_perplexity": 9.49684585766767}