{"split": "perplexity evaluation", "num_ex": 1327, "avg_loss": 2.256554081103994, "avg_seq_perplexity": 9.877290911124717}