{"split": "perplexity evaluation", "num_ex": 1327, "avg_loss": 2.2643375123634137, "avg_seq_perplexity": 9.947658604935945}