{"split": "perplexity evaluation", "num_ex": 1327, "avg_loss": 2.2327088828183874, "avg_seq_perplexity": 9.64233895181801}