{"split": "perplexity evaluation", "num_ex": 1327, "avg_loss": 2.2597643371444045, "avg_seq_perplexity": 9.914880104323663}