{"split": "perplexity evaluation", "num_ex": 1327, "avg_loss": 2.2156828799100414, "avg_seq_perplexity": 9.476019392897513}