{"split": "perplexity evaluation", "num_ex": 1327, "avg_loss": 2.2592022801667295, "avg_seq_perplexity": 9.89806806942351}