{"split": "perplexity evaluation", "num_ex": 1327, "avg_loss": 2.2013624776281087, "avg_seq_perplexity": 9.337221676007912}