{"split": "perplexity evaluation", "num_ex": 1327, "avg_loss": 2.2274139565278825, "avg_seq_perplexity": 9.588148196119066}