{"split": "perplexity evaluation", "num_ex": 1327, "avg_loss": 2.2169320998375093, "avg_seq_perplexity": 9.488640377731725}