{"split": "perplexity evaluation", "num_ex": 1327, "avg_loss": 2.213210197167012, "avg_seq_perplexity": 9.452352286642803}