{"split": "perplexity evaluation", "num_ex": 1327, "avg_loss": 2.2155152747032782, "avg_seq_perplexity": 9.474942745619819}