{"split": "perplexity evaluation", "num_ex": 1327, "avg_loss": 2.300301983739167, "avg_seq_perplexity": 10.276858044461191}