{"split": "perplexity evaluation", "num_ex": 1327, "avg_loss": 2.2167089328607763, "avg_seq_perplexity": 9.484429457893745}