{"split": "perplexity evaluation", "num_ex": 1327, "avg_loss": 2.300529382241428, "avg_seq_perplexity": 10.28845536807649}