{"split": "perplexity evaluation", "num_ex": 1327, "avg_loss": 2.229428162678975, "avg_seq_perplexity": 9.60735417059156}