{"split": "perplexity evaluation", "num_ex": 1327, "avg_loss": 2.2219672472564995, "avg_seq_perplexity": 9.540273084259608}