{"split": "perplexity evaluation", "num_ex": 1327, "avg_loss": 2.2032885576606067, "avg_seq_perplexity": 9.354778459400904}