{"split": "perplexity evaluation", "num_ex": 1327, "avg_loss": 2.2611968005251506, "avg_seq_perplexity": 9.917500706480784}