{"split": "perplexity evaluation", "num_ex": 1327, "avg_loss": 2.2898201270487943, "avg_seq_perplexity": 10.212112760220421}