{"split": "perplexity evaluation", "num_ex": 1327, "avg_loss": 2.2744841586402598, "avg_seq_perplexity": 10.05074003862095}