{"split": "perplexity evaluation", "num_ex": 1327, "avg_loss": 2.2135571822602675, "avg_seq_perplexity": 9.456170962462322}