{"split": "perplexity evaluation", "num_ex": 1327, "avg_loss": 2.2580231563795214, "avg_seq_perplexity": 9.88904645699887}