{"split": "perplexity evaluation", "num_ex": 1327, "avg_loss": 2.2713298323285604, "avg_seq_perplexity": 10.018645205350415}