{"split": "perplexity evaluation", "num_ex": 1327, "avg_loss": 2.2664909908981725, "avg_seq_perplexity": 9.968018498021854}