{"split": "perplexity evaluation", "num_ex": 1327, "avg_loss": 2.2275580123751886, "avg_seq_perplexity": 9.599568899538433}