{"split": "perplexity evaluation", "num_ex": 1327, "avg_loss": 2.2552973180223246, "avg_seq_perplexity": 9.856084712933308}