{"split": "perplexity evaluation", "num_ex": 1327, "avg_loss": 2.342890816338546, "avg_seq_perplexity": 10.75954779342502}