{"split": "perplexity evaluation", "num_ex": 1327, "avg_loss": 2.2507475081834025, "avg_seq_perplexity": 9.819271176761491}