{"split": "perplexity evaluation", "num_ex": 1327, "avg_loss": 2.2480270052279576, "avg_seq_perplexity": 9.798471940938207}