{"split": "perplexity evaluation", "num_ex": 1327, "avg_loss": 2.3132912952736437, "avg_seq_perplexity": 10.407598200828938}