{"split": "perplexity evaluation", "num_ex": 1327, "avg_loss": 2.269136246290976, "avg_seq_perplexity": 9.995981154625094}