{"split": "perplexity evaluation", "num_ex": 1327, "avg_loss": 2.2424126907498114, "avg_seq_perplexity": 9.740989426337604}