{"split": "perplexity evaluation", "num_ex": 1327, "avg_loss": 2.268075605218538, "avg_seq_perplexity": 9.990830468161265}