{"split": "perplexity evaluation", "num_ex": 1327, "avg_loss": 2.265588940043331, "avg_seq_perplexity": 9.959989638281838}