{"split": "perplexity evaluation", "num_ex": 1327, "avg_loss": 2.273369979570931, "avg_seq_perplexity": 10.039237648360965}