{"split": "perplexity evaluation", "num_ex": 1327, "avg_loss": 2.2767805891461004, "avg_seq_perplexity": 10.074519004333082}