{"split": "perplexity evaluation", "num_ex": 1327, "avg_loss": 2.2462482926714396, "avg_seq_perplexity": 9.781979294225698}