{"split": "perplexity evaluation", "num_ex": 1327, "avg_loss": 2.2192826202783533, "avg_seq_perplexity": 9.512991151328183}