{"split": "perplexity evaluation", "num_ex": 1327, "avg_loss": 2.249145599802185, "avg_seq_perplexity": 9.80406123422193}