{"split": "perplexity evaluation", "num_ex": 1327, "avg_loss": 2.426581928221552, "avg_seq_perplexity": 11.773810610163904}