{"split": "perplexity evaluation", "num_ex": 1327, "avg_loss": 2.2656514930293894, "avg_seq_perplexity": 9.958837927420873}