{"split": "perplexity evaluation", "num_ex": 1327, "avg_loss": 2.218089146100226, "avg_seq_perplexity": 9.504486888894123}