{"split": "perplexity evaluation", "num_ex": 1327, "avg_loss": 2.256776696142615, "avg_seq_perplexity": 9.881271488790505}