{"split": "perplexity evaluation", "num_ex": 1327, "avg_loss": 2.2532155914421628, "avg_seq_perplexity": 9.838304210625472}