{"split": "perplexity evaluation", "num_ex": 1327, "avg_loss": 2.255072127272513, "avg_seq_perplexity": 9.854824822202335}