{"split": "perplexity evaluation", "num_ex": 1327, "avg_loss": 2.3872936855336286, "avg_seq_perplexity": 11.292090064525246}