{"split": "perplexity evaluation", "num_ex": 1327, "avg_loss": 2.230417787714299, "avg_seq_perplexity": 9.616464093114168}