{"split": "perplexity evaluation", "num_ex": 1327, "avg_loss": 2.3055163270652788, "avg_seq_perplexity": 10.33643792388847}