{"split": "perplexity evaluation", "num_ex": 1327, "avg_loss": 2.2129207976168046, "avg_seq_perplexity": 9.454549736247174}