{"split": "perplexity evaluation", "num_ex": 1327, "avg_loss": 2.43803905955633, "avg_seq_perplexity": 11.917609622268275}