{"split": "perplexity evaluation", "num_ex": 1327, "avg_loss": 2.2121462444659006, "avg_seq_perplexity": 9.438785647842879}