{"split": "perplexity evaluation", "num_ex": 1327, "avg_loss": 2.200932149879898, "avg_seq_perplexity": 9.332709030001883}