{"split": "perplexity evaluation", "num_ex": 1327, "avg_loss": 2.2740227383783913, "avg_seq_perplexity": 10.046058867511304}