{"split": "perplexity evaluation", "num_ex": 1327, "avg_loss": 2.2504100900174264, "avg_seq_perplexity": 9.795938177044084}