{"split": "perplexity evaluation", "num_ex": 1327, "avg_loss": 2.2503247235893933, "avg_seq_perplexity": 9.822942669084402}