{"split": "perplexity evaluation", "num_ex": 1327, "avg_loss": 2.202741403011963, "avg_seq_perplexity": 9.34921050772419}