{"split": "perplexity evaluation", "num_ex": 1327, "avg_loss": 2.2161494515942914, "avg_seq_perplexity": 9.482184173652977}