{"split": "perplexity evaluation", "num_ex": 1327, "avg_loss": 2.258698912608327, "avg_seq_perplexity": 9.912409629333082}