{"split": "perplexity evaluation", "num_ex": 1327, "avg_loss": 2.2576975128932744, "avg_seq_perplexity": 9.888041193717031}