{"split": "perplexity evaluation", "num_ex": 1327, "avg_loss": 2.219314816668237, "avg_seq_perplexity": 9.512797605030142}