{"split": "perplexity evaluation", "num_ex": 1327, "avg_loss": 2.4107468237801433, "avg_seq_perplexity": 11.562399915222306}