{"split": "perplexity evaluation", "num_ex": 1327, "avg_loss": 2.2293944944541257, "avg_seq_perplexity": 9.609374264082517}