{"split": "perplexity evaluation", "num_ex": 1327, "avg_loss": 2.2093013714558216, "avg_seq_perplexity": 9.419249246420497}