{"split": "perplexity evaluation", "num_ex": 1327, "avg_loss": 2.221688334530426, "avg_seq_perplexity": 9.532244224519593}