{"split": "perplexity evaluation", "num_ex": 1327, "avg_loss": 2.306766098930859, "avg_seq_perplexity": 10.35480642426526}