{"split": "perplexity evaluation", "num_ex": 1327, "avg_loss": 2.20567035459448, "avg_seq_perplexity": 9.382056712744914}