{"split": "perplexity evaluation", "num_ex": 1327, "avg_loss": 2.2516709006452524, "avg_seq_perplexity": 9.83334854229465}