{"split": "perplexity evaluation", "num_ex": 1327, "avg_loss": 2.254245691939054, "avg_seq_perplexity": 9.847290499010928}