{"split": "perplexity evaluation", "num_ex": 1327, "avg_loss": 2.199870220951865, "avg_seq_perplexity": 9.32022786948945}