{"split": "perplexity evaluation", "num_ex": 1327, "avg_loss": 2.3365006608538996, "avg_seq_perplexity": 10.704883842784476}