{"split": "perplexity evaluation", "num_ex": 1327, "avg_loss": 2.258594044366993, "avg_seq_perplexity": 9.890694176243406}