{"split": "perplexity evaluation", "num_ex": 1327, "avg_loss": 2.3122792247550867, "avg_seq_perplexity": 10.448127384372645}