{"split": "perplexity evaluation", "num_ex": 1327, "avg_loss": 2.267303259820083, "avg_seq_perplexity": 10.001150974943481}