{"split": "perplexity evaluation", "num_ex": 1327, "avg_loss": 2.246600613166447, "avg_seq_perplexity": 9.78167315255275}