{"split": "perplexity evaluation", "num_ex": 1327, "avg_loss": 2.241990274114544, "avg_seq_perplexity": 9.737252437358704}