{"split": "perplexity evaluation", "num_ex": 1327, "avg_loss": 2.2428317957564055, "avg_seq_perplexity": 9.74739926761492}