{"split": "perplexity evaluation", "num_ex": 1327, "avg_loss": 2.2269709342030897, "avg_seq_perplexity": 9.590189631217031}