{"split": "perplexity evaluation", "num_ex": 1327, "avg_loss": 2.354095527976639, "avg_seq_perplexity": 10.896461561558025}