{"split": "perplexity evaluation", "num_ex": 1327, "avg_loss": 2.2180911698733046, "avg_seq_perplexity": 9.497770170026376}