{"split": "perplexity evaluation", "num_ex": 1327, "avg_loss": 2.2581530458152788, "avg_seq_perplexity": 9.891760520676337}