{"split": "perplexity evaluation", "num_ex": 1327, "avg_loss": 2.6229280243264883, "avg_seq_perplexity": 14.455013364261491}