{"split": "perplexity evaluation", "num_ex": 1327, "avg_loss": 2.2158192086237753, "avg_seq_perplexity": 9.474579938300678}