{"split": "perplexity evaluation", "num_ex": 1327, "avg_loss": 2.24608399909335, "avg_seq_perplexity": 9.77387978640731}