{"split": "perplexity evaluation", "num_ex": 1327, "avg_loss": 2.216009075334401, "avg_seq_perplexity": 9.476662584777694}