{"split": "perplexity evaluation", "num_ex": 1327, "avg_loss": 2.214689759266673, "avg_seq_perplexity": 9.471269781461944}