{"split": "perplexity evaluation", "num_ex": 1327, "avg_loss": 2.255854039598248, "avg_seq_perplexity": 9.862237719009043}