{"split": "perplexity evaluation", "num_ex": 1327, "avg_loss": 2.218465015954691, "avg_seq_perplexity": 9.501059721175585}