{"split": "perplexity evaluation", "num_ex": 1327, "avg_loss": 2.2550942047970044, "avg_seq_perplexity": 9.853216106584402}