{"split": "perplexity evaluation", "num_ex": 1327, "avg_loss": 2.2350329102298416, "avg_seq_perplexity": 9.664080162019593}