{"split": "perplexity evaluation", "num_ex": 1327, "avg_loss": 2.247410674335908, "avg_seq_perplexity": 9.796186917153353}