{"split": "perplexity evaluation", "num_ex": 1327, "avg_loss": 2.216937251259891, "avg_seq_perplexity": 9.48782203749058}