{"split": "perplexity evaluation", "num_ex": 1327, "avg_loss": 2.228148402175961, "avg_seq_perplexity": 9.601614014223813}