{"split": "perplexity evaluation", "num_ex": 1327, "avg_loss": 2.208008548417483, "avg_seq_perplexity": 9.398413950640542}