{"split": "perplexity evaluation", "num_ex": 1327, "avg_loss": 2.201664755734269, "avg_seq_perplexity": 9.340631917624341}