{"split": "perplexity evaluation", "num_ex": 1327, "avg_loss": 2.309339050430953, "avg_seq_perplexity": 10.378210072061039}