{"split": "perplexity evaluation", "num_ex": 1327, "avg_loss": 2.2551898740698, "avg_seq_perplexity": 9.866475867793897}