{"split": "perplexity evaluation", "num_ex": 1327, "avg_loss": 2.2540300681165224, "avg_seq_perplexity": 9.854295697532027}