{"split": "perplexity evaluation", "num_ex": 1327, "avg_loss": 2.257993351721458, "avg_seq_perplexity": 9.891225508666164}