{"split": "perplexity evaluation", "num_ex": 1327, "avg_loss": 2.210698694776752, "avg_seq_perplexity": 9.426943263705727}