{"split": "perplexity evaluation", "num_ex": 1327, "avg_loss": 2.2220544534782403, "avg_seq_perplexity": 9.53306550843067}