{"split": "perplexity evaluation", "num_ex": 1327, "avg_loss": 2.376920008713263, "avg_seq_perplexity": 11.180657439242653}