{"split": "perplexity evaluation", "num_ex": 1327, "avg_loss": 2.25682140312971, "avg_seq_perplexity": 9.880821107290881}