{"split": "perplexity evaluation", "num_ex": 1327, "avg_loss": 2.273617799783346, "avg_seq_perplexity": 10.04190019781462}