{"split": "perplexity evaluation", "num_ex": 1327, "avg_loss": 2.3840352268980785, "avg_seq_perplexity": 11.260625912537678}