{"split": "perplexity evaluation", "num_ex": 1327, "avg_loss": 2.2112460334047666, "avg_seq_perplexity": 9.433084495101733}