{"split": "perplexity evaluation", "num_ex": 1327, "avg_loss": 2.21809981690373, "avg_seq_perplexity": 9.504331610305199}