{"split": "perplexity evaluation", "num_ex": 1327, "avg_loss": 2.2738391269663714, "avg_seq_perplexity": 10.04315272937076}