{"split": "perplexity evaluation", "num_ex": 1327, "avg_loss": 2.2728415908181048, "avg_seq_perplexity": 10.03182769522419}