{"split": "perplexity evaluation", "num_ex": 1327, "avg_loss": 2.2501057881381876, "avg_seq_perplexity": 9.802144905096082}