{"split": "perplexity evaluation", "num_ex": 1327, "avg_loss": 2.477091440690938, "avg_seq_perplexity": 12.340005651846269}