{"split": "perplexity evaluation", "num_ex": 1327, "avg_loss": 2.216312457316786, "avg_seq_perplexity": 9.482872992417107}