{"split": "perplexity evaluation", "num_ex": 1327, "avg_loss": 2.4280381249411267, "avg_seq_perplexity": 11.79088757535795}