{"split": "perplexity evaluation", "num_ex": 1327, "avg_loss": 2.268423142249906, "avg_seq_perplexity": 9.988379862942727}