{"split": "perplexity evaluation", "num_ex": 1327, "avg_loss": 2.2234267556047476, "avg_seq_perplexity": 9.552891861341372}