{"split": "perplexity evaluation", "num_ex": 1327, "avg_loss": 2.222266581692728, "avg_seq_perplexity": 9.54175522207046}