{"split": "perplexity evaluation", "num_ex": 1327, "avg_loss": 2.254481001554258, "avg_seq_perplexity": 9.849707987942727}