{"split": "perplexity evaluation", "num_ex": 1327, "avg_loss": 2.2417205603570083, "avg_seq_perplexity": 9.736325181330068}