{"split": "perplexity evaluation", "num_ex": 1327, "avg_loss": 2.268984279330727, "avg_seq_perplexity": 9.995962756688018}