{"split": "perplexity evaluation", "num_ex": 1327, "avg_loss": 2.2063146503508855, "avg_seq_perplexity": 9.389723501083271}