{"split": "perplexity evaluation", "num_ex": 1327, "avg_loss": 2.306482218761775, "avg_seq_perplexity": 10.342933867511304}