{"split": "perplexity evaluation", "num_ex": 1327, "avg_loss": 2.219708716501036, "avg_seq_perplexity": 9.517488343067068}