{"split": "perplexity evaluation", "num_ex": 1327, "avg_loss": 2.305668661984269, "avg_seq_perplexity": 10.375905914421628}