{"split": "perplexity evaluation", "num_ex": 1327, "avg_loss": 2.2158089057790127, "avg_seq_perplexity": 9.477803992793897}