{"split": "perplexity evaluation", "num_ex": 1327, "avg_loss": 2.2341074939949133, "avg_seq_perplexity": 9.651022042200452}