{"split": "perplexity evaluation", "num_ex": 1327, "avg_loss": 2.2262202983703845, "avg_seq_perplexity": 9.579705750753579}