{"split": "perplexity evaluation", "num_ex": 1327, "avg_loss": 2.2578537113790507, "avg_seq_perplexity": 9.890611017567823}