{"split": "perplexity evaluation", "num_ex": 1327, "avg_loss": 2.223795818222494, "avg_seq_perplexity": 9.55307068928975}