{"split": "perplexity evaluation", "num_ex": 1327, "avg_loss": 2.216801290504898, "avg_seq_perplexity": 9.48690802797664}