{"split": "perplexity evaluation", "num_ex": 1327, "avg_loss": 2.261670179446119, "avg_seq_perplexity": 9.924315302373776}