{"split": "perplexity evaluation", "num_ex": 1327, "avg_loss": 2.230983340300019, "avg_seq_perplexity": 9.625749899915222}