{"split": "perplexity evaluation", "num_ex": 1327, "avg_loss": 2.2130758922263563, "avg_seq_perplexity": 9.44768141837792}