{"split": "perplexity evaluation", "num_ex": 1327, "avg_loss": 2.2776497076935756, "avg_seq_perplexity": 10.080913391343255}