{"split": "perplexity evaluation", "num_ex": 1327, "avg_loss": 2.262535986364921, "avg_seq_perplexity": 9.92877128273361}