{"split": "perplexity evaluation", "num_ex": 1327, "avg_loss": 2.2442285671392237, "avg_seq_perplexity": 9.760874652646947}