{"split": "perplexity evaluation", "num_ex": 1327, "avg_loss": 2.2000146447579128, "avg_seq_perplexity": 9.325244618971364}