{"split": "perplexity evaluation", "num_ex": 1327, "avg_loss": 2.2839011427326676, "avg_seq_perplexity": 10.147537472918236}