{"split": "perplexity evaluation", "num_ex": 1327, "avg_loss": 2.2509960643133007, "avg_seq_perplexity": 9.821183826299924}