{"split": "perplexity evaluation", "num_ex": 1327, "avg_loss": 2.2031354868241335, "avg_seq_perplexity": 9.35420959518651}