{"split": "perplexity evaluation", "num_ex": 1327, "avg_loss": 2.2505808228734927, "avg_seq_perplexity": 9.816008854559156}