{"split": "perplexity evaluation", "num_ex": 1327, "avg_loss": 2.2011461178880936, "avg_seq_perplexity": 9.334838775197815}