{"split": "perplexity evaluation", "num_ex": 1327, "avg_loss": 2.2222546230336286, "avg_seq_perplexity": 9.542894422334212}