{"split": "perplexity evaluation", "num_ex": 1327, "avg_loss": 2.230093616063018, "avg_seq_perplexity": 9.617857920827053}