{"split": "perplexity evaluation", "num_ex": 1327, "avg_loss": 2.275713324816315, "avg_seq_perplexity": 10.062450693528636}