{"split": "perplexity evaluation", "num_ex": 1327, "avg_loss": 2.291417803904484, "avg_seq_perplexity": 10.195514141390355}