{"split": "perplexity evaluation", "num_ex": 1327, "avg_loss": 2.240044140330633, "avg_seq_perplexity": 9.710184656414846}