{"split": "perplexity evaluation", "num_ex": 1327, "avg_loss": 2.270467888976545, "avg_seq_perplexity": 10.00909373233798}