{"split": "perplexity evaluation", "num_ex": 1327, "avg_loss": 2.252771097282404, "avg_seq_perplexity": 9.848108839252072}