{"split": "perplexity evaluation", "num_ex": 1327, "avg_loss": 2.2614950310851545, "avg_seq_perplexity": 9.920968349660889}