{"split": "perplexity evaluation", "num_ex": 1327, "avg_loss": 2.4206200767120385, "avg_seq_perplexity": 11.692797134042953}