{"split": "perplexity evaluation", "num_ex": 1327, "avg_loss": 2.2018709966088923, "avg_seq_perplexity": 9.341958776846269}