{"split": "perplexity evaluation", "num_ex": 1327, "avg_loss": 2.231277707293237, "avg_seq_perplexity": 9.631233221081386}