{"split": "perplexity evaluation", "num_ex": 1327, "avg_loss": 2.2151059206033348, "avg_seq_perplexity": 9.46783378273361}