{"split": "perplexity evaluation", "num_ex": 1327, "avg_loss": 2.298583432436888, "avg_seq_perplexity": 10.26731466654107}