{"split": "perplexity evaluation", "num_ex": 1327, "avg_loss": 2.25914193493312, "avg_seq_perplexity": 9.917070194753203}