{"split": "perplexity evaluation", "num_ex": 1327, "avg_loss": 2.263056831963546, "avg_seq_perplexity": 9.932882853711378}