{"split": "perplexity evaluation", "num_ex": 1327, "avg_loss": 2.2307145464393368, "avg_seq_perplexity": 9.620560209824793}