{"split": "perplexity evaluation", "num_ex": 1327, "avg_loss": 2.286112758748587, "avg_seq_perplexity": 10.167772260032027}