{"split": "perplexity evaluation", "num_ex": 1327, "avg_loss": 2.3134347991828372, "avg_seq_perplexity": 10.466105112565938}