{"split": "perplexity evaluation", "num_ex": 1327, "avg_loss": 2.283324183425961, "avg_seq_perplexity": 10.138807283816881}