{"split": "perplexity evaluation", "num_ex": 1327, "avg_loss": 2.215705509372645, "avg_seq_perplexity": 9.47736244230407}