{"split": "perplexity evaluation", "num_ex": 1327, "avg_loss": 2.2730143474472495, "avg_seq_perplexity": 10.035263693952524}