{"split": "perplexity evaluation", "num_ex": 1327, "avg_loss": 2.3898958897536735, "avg_seq_perplexity": 11.328682825452148}