{"split": "perplexity evaluation", "num_ex": 1327, "avg_loss": 2.2756389971505273, "avg_seq_perplexity": 10.06140495478523}