{"split": "perplexity evaluation", "num_ex": 1327, "avg_loss": 2.4017531762198567, "avg_seq_perplexity": 11.462408599048606}