{"split": "perplexity evaluation", "num_ex": 1327, "avg_loss": 2.1998448317987003, "avg_seq_perplexity": 9.324551384702335}