{"split": "perplexity evaluation", "num_ex": 1327, "avg_loss": 2.225628252755275, "avg_seq_perplexity": 9.57182333859269}