{"split": "perplexity evaluation", "num_ex": 1327, "avg_loss": 2.2002679843514508, "avg_seq_perplexity": 9.327322114025998}