{"split": "perplexity evaluation", "num_ex": 1327, "avg_loss": 2.250480554116428, "avg_seq_perplexity": 9.816632912584778}