{"split": "perplexity evaluation", "num_ex": 1327, "avg_loss": 2.4202545097023362, "avg_seq_perplexity": 11.660778100273173}