{"split": "perplexity evaluation", "num_ex": 1327, "avg_loss": 2.273880522324793, "avg_seq_perplexity": 10.042456551431801}