{"split": "perplexity evaluation", "num_ex": 1327, "avg_loss": 2.2448666075970234, "avg_seq_perplexity": 9.768773254992464}