{"split": "perplexity evaluation", "num_ex": 1327, "avg_loss": 2.2675753653094386, "avg_seq_perplexity": 9.980955927373776}