{"split": "perplexity evaluation", "num_ex": 1327, "avg_loss": 2.2121585710837417, "avg_seq_perplexity": 9.44256164044838}