{"split": "perplexity evaluation", "num_ex": 1327, "avg_loss": 2.2389165307672383, "avg_seq_perplexity": 9.705135526563678}