{"split": "perplexity evaluation", "num_ex": 1327, "avg_loss": 2.2181228143250755, "avg_seq_perplexity": 9.502207016531651}