{"split": "perplexity evaluation", "num_ex": 1327, "avg_loss": 2.2537953104394313, "avg_seq_perplexity": 9.851899550207234}