{"split": "perplexity evaluation", "num_ex": 1327, "avg_loss": 2.2791055364544084, "avg_seq_perplexity": 10.099058908722682}