{"split": "perplexity evaluation", "num_ex": 1327, "avg_loss": 2.2180856504921818, "avg_seq_perplexity": 9.502560992840994}