{"split": "perplexity evaluation", "num_ex": 1327, "avg_loss": 2.251094125317916, "avg_seq_perplexity": 9.834311122362472}