{"split": "perplexity evaluation", "num_ex": 1327, "avg_loss": 2.261061943646383, "avg_seq_perplexity": 9.920835884513941}