{"split": "perplexity evaluation", "num_ex": 1327, "avg_loss": 2.2041488451982856, "avg_seq_perplexity": 9.363252549218162}