{"split": "perplexity evaluation", "num_ex": 1327, "avg_loss": 2.208664618853617, "avg_seq_perplexity": 9.405422828749058}