{"split": "perplexity evaluation", "num_ex": 1327, "avg_loss": 2.2233816806589113, "avg_seq_perplexity": 9.549692828042577}