{"split": "perplexity evaluation", "num_ex": 1327, "avg_loss": 2.2553280425772417, "avg_seq_perplexity": 9.867359704691033}