{"split": "perplexity evaluation", "num_ex": 1327, "avg_loss": 2.25207639117841, "avg_seq_perplexity": 9.83898567021477}