{"split": "perplexity evaluation", "num_ex": 1327, "avg_loss": 2.3350096920332515, "avg_seq_perplexity": 10.64883415952336}