{"split": "perplexity evaluation", "num_ex": 1327, "avg_loss": 2.2277725323214956, "avg_seq_perplexity": 9.59613584448003}