{"split": "perplexity evaluation", "num_ex": 1327, "avg_loss": 2.217837462321025, "avg_seq_perplexity": 9.502924536077618}