{"split": "perplexity evaluation", "num_ex": 1327, "avg_loss": 2.2242590782780707, "avg_seq_perplexity": 9.558004280096082}