{"split": "perplexity evaluation", "num_ex": 1327, "avg_loss": 2.251311772913527, "avg_seq_perplexity": 9.83424783345893}