{"split": "perplexity evaluation", "num_ex": 1327, "avg_loss": 2.2011610202171252, "avg_seq_perplexity": 9.33491972612095}