{"split": "perplexity evaluation", "num_ex": 1327, "avg_loss": 2.221299402140637, "avg_seq_perplexity": 9.526223683590807}