{"split": "perplexity evaluation", "num_ex": 1327, "avg_loss": 2.201090372138753, "avg_seq_perplexity": 9.333893121232103}