{"split": "perplexity evaluation", "num_ex": 1327, "avg_loss": 2.2627930055458743, "avg_seq_perplexity": 9.933885173323286}