{"split": "perplexity evaluation", "num_ex": 1327, "avg_loss": 2.227400342054446, "avg_seq_perplexity": 9.588903247456669}