{"split": "perplexity evaluation", "num_ex": 1327, "avg_loss": 2.248816276728523, "avg_seq_perplexity": 9.82394793236624}