{"split": "perplexity evaluation", "num_ex": 1327, "avg_loss": 2.2712505372197627, "avg_seq_perplexity": 10.018854205915598}