{"split": "perplexity evaluation", "num_ex": 1327, "avg_loss": 2.2762612153824415, "avg_seq_perplexity": 10.0686154742841}