{"split": "perplexity evaluation", "num_ex": 1327, "avg_loss": 2.269382778647796, "avg_seq_perplexity": 9.998382453372269}