{"split": "perplexity evaluation", "num_ex": 1327, "avg_loss": 2.213469976038527, "avg_seq_perplexity": 9.455125223718914}