{"split": "perplexity evaluation", "num_ex": 1327, "avg_loss": 2.200714686263659, "avg_seq_perplexity": 9.330515259984928}