{"split": "perplexity evaluation", "num_ex": 1327, "avg_loss": 2.241966356796345, "avg_seq_perplexity": 9.736560674924641}