{"split": "perplexity evaluation", "num_ex": 1327, "avg_loss": 2.2668070674571403, "avg_seq_perplexity": 9.984174094527129}