{"split": "perplexity evaluation", "num_ex": 1327, "avg_loss": 2.2159500179563865, "avg_seq_perplexity": 9.479311151799171}