{"split": "perplexity evaluation", "num_ex": 1327, "avg_loss": 2.201340584082988, "avg_seq_perplexity": 9.334674665599096}