{"split": "perplexity evaluation", "num_ex": 1327, "avg_loss": 2.216547214993877, "avg_seq_perplexity": 9.480281091041824}