{"split": "perplexity evaluation", "num_ex": 1327, "avg_loss": 2.2417150409758855, "avg_seq_perplexity": 9.73429772866428}