{"split": "perplexity evaluation", "num_ex": 1327, "avg_loss": 2.2266462106136964, "avg_seq_perplexity": 9.587910494772043}