{"split": "perplexity evaluation", "num_ex": 1327, "avg_loss": 2.2003373445742276, "avg_seq_perplexity": 9.326669355218538}