{"split": "perplexity evaluation", "num_ex": 1327, "avg_loss": 2.321330641837792, "avg_seq_perplexity": 10.491628202712887}