{"split": "perplexity evaluation", "num_ex": 1327, "avg_loss": 2.24715972647419, "avg_seq_perplexity": 9.79263243571025}