{"split": "perplexity evaluation", "num_ex": 1327, "avg_loss": 2.3969776236930107, "avg_seq_perplexity": 11.41305429304823}