{"split": "perplexity evaluation", "num_ex": 1327, "avg_loss": 2.216810489473436, "avg_seq_perplexity": 9.488187788479653}