{"split": "perplexity evaluation", "num_ex": 1327, "avg_loss": 2.2731374296462885, "avg_seq_perplexity": 10.043304328372269}