{"split": "perplexity evaluation", "num_ex": 1327, "avg_loss": 2.31540797793425, "avg_seq_perplexity": 10.433771842030897}