{"split": "perplexity evaluation", "num_ex": 1327, "avg_loss": 2.201202783534288, "avg_seq_perplexity": 9.335303139129616}