{"split": "perplexity evaluation", "num_ex": 1327, "avg_loss": 2.2007045673982666, "avg_seq_perplexity": 9.331055423417483}