{"split": "perplexity evaluation", "num_ex": 1327, "avg_loss": 2.2188050098318577, "avg_seq_perplexity": 9.503374917577242}