{"split": "perplexity evaluation", "num_ex": 1327, "avg_loss": 2.2013972497291823, "avg_seq_perplexity": 9.337404919461191}