{"split": "perplexity evaluation", "num_ex": 1327, "avg_loss": 2.225921699851639, "avg_seq_perplexity": 9.572080173794273}