{"split": "perplexity evaluation", "num_ex": 1327, "avg_loss": 2.2137961714628864, "avg_seq_perplexity": 9.463055470516203}