{"split": "perplexity evaluation", "num_ex": 1327, "avg_loss": 2.3584814121962134, "avg_seq_perplexity": 10.940261898313866}