{"split": "perplexity evaluation", "num_ex": 1327, "avg_loss": 2.2579545320742276, "avg_seq_perplexity": 9.894680641249058}