{"split": "perplexity evaluation", "num_ex": 1327, "avg_loss": 2.215357420403165, "avg_seq_perplexity": 9.479183838074604}