{"split": "perplexity evaluation", "num_ex": 1327, "avg_loss": 2.239249349448945, "avg_seq_perplexity": 9.708040192869253}