{"split": "perplexity evaluation", "num_ex": 1327, "avg_loss": 2.21380923399821, "avg_seq_perplexity": 9.4598350956104}