{"split": "perplexity evaluation", "num_ex": 1327, "avg_loss": 2.2756114002449133, "avg_seq_perplexity": 10.061215088074604}