{"split": "perplexity evaluation", "num_ex": 1327, "avg_loss": 2.2080512316314995, "avg_seq_perplexity": 9.40485764412208}