{"split": "perplexity evaluation", "num_ex": 1327, "avg_loss": 2.2413941809532782, "avg_seq_perplexity": 9.728809991993218}