{"split": "perplexity evaluation", "num_ex": 1327, "avg_loss": 2.215220355771948, "avg_seq_perplexity": 9.473638699839864}