{"split": "perplexity evaluation", "num_ex": 1327, "avg_loss": 2.204068446213263, "avg_seq_perplexity": 9.362995714016579}