{"split": "perplexity evaluation", "num_ex": 1327, "avg_loss": 2.5394919078513563, "avg_seq_perplexity": 13.171749894027883}