{"split": "perplexity evaluation", "num_ex": 1327, "avg_loss": 2.2902717964040127, "avg_seq_perplexity": 10.181667853946873}