{"split": "perplexity evaluation", "num_ex": 1327, "avg_loss": 2.334232563171157, "avg_seq_perplexity": 10.674967325263752}