{"split": "perplexity evaluation", "num_ex": 1327, "avg_loss": 2.2563811404954786, "avg_seq_perplexity": 9.870342378249811}