{"split": "perplexity evaluation", "num_ex": 1327, "avg_loss": 2.249759722941786, "avg_seq_perplexity": 9.790185510079127}