{"split": "perplexity evaluation", "num_ex": 1327, "avg_loss": 2.275887921239167, "avg_seq_perplexity": 10.064466371514694}