{"split": "perplexity evaluation", "num_ex": 1327, "avg_loss": 2.263983904012811, "avg_seq_perplexity": 9.945506046298041}