{"split": "perplexity evaluation", "num_ex": 1327, "avg_loss": 2.208670874152223, "avg_seq_perplexity": 9.412705468161265}