{"split": "perplexity evaluation", "num_ex": 1327, "avg_loss": 2.2617207737730785, "avg_seq_perplexity": 9.926873351544838}