{"split": "perplexity evaluation", "num_ex": 1327, "avg_loss": 2.2282466471599474, "avg_seq_perplexity": 9.598152994301055}