{"split": "perplexity evaluation", "num_ex": 1327, "avg_loss": 2.2210994165646194, "avg_seq_perplexity": 9.528652947202335}