{"split": "perplexity evaluation", "num_ex": 1327, "avg_loss": 2.2146917830397514, "avg_seq_perplexity": 9.469817816267897}