{"split": "perplexity evaluation", "num_ex": 1327, "avg_loss": 2.2172113805223246, "avg_seq_perplexity": 9.48931815773361}