{"split": "perplexity evaluation", "num_ex": 1327, "avg_loss": 2.2522331416022983, "avg_seq_perplexity": 9.838445506782216}