{"split": "perplexity evaluation", "num_ex": 1327, "avg_loss": 2.2052085663738694, "avg_seq_perplexity": 9.376685986953655}