{"split": "perplexity evaluation", "num_ex": 1327, "avg_loss": 2.2297804831739825, "avg_seq_perplexity": 9.622076935757347}