{"split": "perplexity evaluation", "num_ex": 1327, "avg_loss": 2.276017626695554, "avg_seq_perplexity": 10.065111771147325}