{"split": "perplexity evaluation", "num_ex": 1327, "avg_loss": 2.2558157718891296, "avg_seq_perplexity": 9.869421009561039}