{"split": "perplexity evaluation", "num_ex": 1327, "avg_loss": 2.2204702071166165, "avg_seq_perplexity": 9.519108833364733}