{"split": "perplexity evaluation", "num_ex": 1327, "avg_loss": 2.275171873528165, "avg_seq_perplexity": 10.057954237707234}