{"split": "perplexity evaluation", "num_ex": 1327, "avg_loss": 2.2011913768133007, "avg_seq_perplexity": 9.335075740627355}