{"split": "perplexity evaluation", "num_ex": 1327, "avg_loss": 2.271831912031368, "avg_seq_perplexity": 10.022060598389224}