{"split": "perplexity evaluation", "num_ex": 1327, "avg_loss": 2.2340557957917295, "avg_seq_perplexity": 9.665582169602487}