{"split": "perplexity evaluation", "num_ex": 1327, "avg_loss": 2.2587778397583835, "avg_seq_perplexity": 9.891957746561793}