{"split": "perplexity evaluation", "num_ex": 1327, "avg_loss": 2.2449657724778636, "avg_seq_perplexity": 9.76980942680859}