{"split": "perplexity evaluation", "num_ex": 1327, "avg_loss": 2.3382319067327617, "avg_seq_perplexity": 10.728396406367747}