{"split": "perplexity evaluation", "num_ex": 1327, "avg_loss": 2.215123950581669, "avg_seq_perplexity": 9.471404454361341}