{"split": "perplexity evaluation", "num_ex": 1327, "avg_loss": 2.221494972211756, "avg_seq_perplexity": 9.535783251695554}