{"split": "perplexity evaluation", "num_ex": 1327, "avg_loss": 2.2162550557531087, "avg_seq_perplexity": 9.482243782969103}