{"split": "perplexity evaluation", "num_ex": 1327, "avg_loss": 2.246057322084589, "avg_seq_perplexity": 9.777838286548606}