{"split": "perplexity evaluation", "num_ex": 1327, "avg_loss": 2.245750260514789, "avg_seq_perplexity": 9.769490774538433}