{"split": "perplexity evaluation", "num_ex": 1327, "avg_loss": 2.3883024444235117, "avg_seq_perplexity": 11.306743653447626}