{"split": "perplexity evaluation", "num_ex": 1327, "avg_loss": 2.2317345280708363, "avg_seq_perplexity": 9.62692883972306}