{"split": "perplexity evaluation", "num_ex": 1327, "avg_loss": 2.2178876886892427, "avg_seq_perplexity": 9.500100084777694}