{"split": "perplexity evaluation", "num_ex": 1327, "avg_loss": 2.2242570545049927, "avg_seq_perplexity": 9.557706233515448}