{"split": "perplexity evaluation", "num_ex": 1327, "avg_loss": 2.273059422393086, "avg_seq_perplexity": 10.037633348247928}