{"split": "perplexity evaluation", "num_ex": 1327, "avg_loss": 2.2007441229629805, "avg_seq_perplexity": 9.330707334448004}