{"split": "perplexity evaluation", "num_ex": 1327, "avg_loss": 2.225752438830539, "avg_seq_perplexity": 9.578011668707612}