{"split": "perplexity evaluation", "num_ex": 1327, "avg_loss": 2.268573085437076, "avg_seq_perplexity": 9.987606413668049}