{"split": "perplexity evaluation", "num_ex": 1327, "avg_loss": 2.2008392402976638, "avg_seq_perplexity": 9.33173393933685}