{"split": "perplexity evaluation", "num_ex": 1327, "avg_loss": 2.2097480733680293, "avg_seq_perplexity": 9.417065779248304}