{"split": "perplexity evaluation", "num_ex": 1327, "avg_loss": 2.2152516322649776, "avg_seq_perplexity": 9.472647418990203}