{"split": "perplexity evaluation", "num_ex": 1327, "avg_loss": 2.2246023837839113, "avg_seq_perplexity": 9.562661165928787}