{"split": "perplexity evaluation", "num_ex": 1327, "avg_loss": 2.2447832649420687, "avg_seq_perplexity": 9.768875547522608}