{"split": "perplexity evaluation", "num_ex": 1327, "avg_loss": 2.265962418165976, "avg_seq_perplexity": 9.96364273266767}