{"split": "perplexity evaluation", "num_ex": 1327, "avg_loss": 2.203171914739544, "avg_seq_perplexity": 9.353778347541446}