{"split": "perplexity evaluation", "num_ex": 1327, "avg_loss": 2.3331870084071213, "avg_seq_perplexity": 10.670899909334967}