{"split": "perplexity evaluation", "num_ex": 1327, "avg_loss": 2.202229572402506, "avg_seq_perplexity": 9.344255575310852}