{"split": "perplexity evaluation", "num_ex": 1327, "avg_loss": 2.277359940184627, "avg_seq_perplexity": 10.059409882488696}