{"split": "perplexity evaluation", "num_ex": 1327, "avg_loss": 2.204662883560192, "avg_seq_perplexity": 9.368452542153353}