{"split": "perplexity evaluation", "num_ex": 1327, "avg_loss": 2.2047048308567256, "avg_seq_perplexity": 9.368419425866616}