{"split": "perplexity evaluation", "num_ex": 1327, "avg_loss": 2.2694473554069328, "avg_seq_perplexity": 10.00048349778636}