{"split": "perplexity evaluation", "num_ex": 1327, "avg_loss": 2.201388418719386, "avg_seq_perplexity": 9.337249640872269}