{"split": "perplexity evaluation", "num_ex": 1327, "avg_loss": 2.2110826597235307, "avg_seq_perplexity": 9.43158248751884}