{"split": "perplexity evaluation", "num_ex": 1327, "avg_loss": 2.25751758106867, "avg_seq_perplexity": 9.878557425113037}