{"split": "perplexity evaluation", "num_ex": 1327, "avg_loss": 2.455282894039657, "avg_seq_perplexity": 12.119995025197815}