{"split": "perplexity evaluation", "num_ex": 1327, "avg_loss": 2.2632139503461755, "avg_seq_perplexity": 9.937781120478522}