{"split": "perplexity evaluation", "num_ex": 1327, "avg_loss": 2.2215050910771477, "avg_seq_perplexity": 9.534752231301809}