{"split": "perplexity evaluation", "num_ex": 1327, "avg_loss": 2.2428202050560473, "avg_seq_perplexity": 9.74724914044838}