{"split": "perplexity evaluation", "num_ex": 1327, "avg_loss": 2.229501570447909, "avg_seq_perplexity": 9.614915722729842}