{"split": "perplexity evaluation", "num_ex": 1327, "avg_loss": 2.214298435145064, "avg_seq_perplexity": 9.465902735258101}