{"split": "perplexity evaluation", "num_ex": 1327, "avg_loss": 2.2174781506099284, "avg_seq_perplexity": 9.496536772324793}