{"split": "perplexity evaluation", "num_ex": 1327, "avg_loss": 2.2173017143933684, "avg_seq_perplexity": 9.493933832187265}