{"split": "perplexity evaluation", "num_ex": 1327, "avg_loss": 2.2668891222564995, "avg_seq_perplexity": 9.97212197390731}