{"split": "perplexity evaluation", "num_ex": 1327, "avg_loss": 2.205158891943764, "avg_seq_perplexity": 9.37246697202336}