{"split": "perplexity evaluation", "num_ex": 1327, "avg_loss": 2.261677170662208, "avg_seq_perplexity": 9.929442439478146}