{"split": "perplexity evaluation", "num_ex": 1327, "avg_loss": 2.20233940808685, "avg_seq_perplexity": 9.345107767756216}