{"split": "perplexity evaluation", "num_ex": 1327, "avg_loss": 2.205011892426526, "avg_seq_perplexity": 9.376549106301809}