{"split": "perplexity evaluation", "num_ex": 1327, "avg_loss": 2.267627431471364, "avg_seq_perplexity": 10.006721870290129}