{"split": "perplexity evaluation", "num_ex": 1327, "avg_loss": 2.26211283381217, "avg_seq_perplexity": 9.9262890330633}