{"split": "perplexity evaluation", "num_ex": 1327, "avg_loss": 2.253788503202713, "avg_seq_perplexity": 9.852286642803316}