{"split": "perplexity evaluation", "num_ex": 1327, "avg_loss": 2.2151684735893933, "avg_seq_perplexity": 9.47034767685569}