{"split": "perplexity evaluation", "num_ex": 1327, "avg_loss": 2.2174557051266954, "avg_seq_perplexity": 9.495383589628862}