{"split": "perplexity evaluation", "num_ex": 1327, "avg_loss": 2.216426524526658, "avg_seq_perplexity": 9.483615533157499}