{"split": "perplexity evaluation", "num_ex": 1327, "avg_loss": 2.217091241993218, "avg_seq_perplexity": 9.491556082799548}