{"split": "perplexity evaluation", "num_ex": 1327, "avg_loss": 2.284058077135927, "avg_seq_perplexity": 10.12685377613979}