{"split": "perplexity evaluation", "num_ex": 1327, "avg_loss": 2.441340017426526, "avg_seq_perplexity": 11.941131752778825}