{"split": "perplexity evaluation", "num_ex": 1327, "avg_loss": 2.3314233821590054, "avg_seq_perplexity": 10.654717083882819}