{"split": "perplexity evaluation", "num_ex": 1327, "avg_loss": 2.2750158590217597, "avg_seq_perplexity": 10.054727975461567}