{"split": "perplexity evaluation", "num_ex": 1327, "avg_loss": 2.199327849766861, "avg_seq_perplexity": 9.319292518368501}