{"split": "perplexity evaluation", "num_ex": 1327, "avg_loss": 2.262917191621138, "avg_seq_perplexity": 9.93594795002826}