{"split": "perplexity evaluation", "num_ex": 1327, "avg_loss": 2.200874380357479, "avg_seq_perplexity": 9.332170338404296}