{"split": "perplexity evaluation", "num_ex": 1327, "avg_loss": 2.208138989791353, "avg_seq_perplexity": 9.403966448050113}