{"split": "perplexity evaluation", "num_ex": 1327, "avg_loss": 2.210764191432743, "avg_seq_perplexity": 9.428039780755464}