{"split": "perplexity evaluation", "num_ex": 1327, "avg_loss": 2.2010353623068952, "avg_seq_perplexity": 9.33418748822532}