{"split": "perplexity evaluation", "num_ex": 1327, "avg_loss": 2.268319561864167, "avg_seq_perplexity": 9.987036813536172}