{"split": "perplexity evaluation", "num_ex": 1327, "avg_loss": 2.272664786642803, "avg_seq_perplexity": 10.0300217537208}