{"split": "perplexity evaluation", "num_ex": 1327, "avg_loss": 2.2191139111953655, "avg_seq_perplexity": 9.507472506122834}