{"split": "perplexity evaluation", "num_ex": 1327, "avg_loss": 2.238858761244819, "avg_seq_perplexity": 9.70368576912208}