{"split": "perplexity evaluation", "num_ex": 1327, "avg_loss": 2.266402864779578, "avg_seq_perplexity": 9.967785948097212}