{"split": "perplexity evaluation", "num_ex": 1327, "avg_loss": 2.2361809415033913, "avg_seq_perplexity": 9.67029866475132}