{"split": "perplexity evaluation", "num_ex": 1327, "avg_loss": 2.3219558037396384, "avg_seq_perplexity": 10.506127984881312}