{"split": "perplexity evaluation", "num_ex": 1327, "avg_loss": 2.246924968797099, "avg_seq_perplexity": 9.797319494159758}