{"split": "perplexity evaluation", "num_ex": 1327, "avg_loss": 2.2231226377048796, "avg_seq_perplexity": 9.544661360211002}