{"split": "perplexity evaluation", "num_ex": 1327, "avg_loss": 2.2708809226639035, "avg_seq_perplexity": 10.014612377543331}