{"split": "perplexity evaluation", "num_ex": 1327, "avg_loss": 2.2743480139058967, "avg_seq_perplexity": 10.048282074227581}