{"split": "perplexity evaluation", "num_ex": 1327, "avg_loss": 2.2134350199580823, "avg_seq_perplexity": 9.458272742793897}