{"split": "perplexity evaluation", "num_ex": 1327, "avg_loss": 2.2743121379285984, "avg_seq_perplexity": 10.046637298652977}