{"split": "perplexity evaluation", "num_ex": 1327, "avg_loss": 2.214513874988225, "avg_seq_perplexity": 9.465754079926526}