{"split": "perplexity evaluation", "num_ex": 1327, "avg_loss": 2.2082407303833835, "avg_seq_perplexity": 9.407005051337604}