{"split": "perplexity evaluation", "num_ex": 1327, "avg_loss": 2.2624314860823285, "avg_seq_perplexity": 9.927366416258478}