{"split": "perplexity evaluation", "num_ex": 1327, "avg_loss": 2.246943182754804, "avg_seq_perplexity": 9.779938595045214}