{"split": "perplexity evaluation", "num_ex": 1327, "avg_loss": 2.2484152017002637, "avg_seq_perplexity": 9.799841483374152}