{"split": "perplexity evaluation", "num_ex": 1327, "avg_loss": 2.243065633536643, "avg_seq_perplexity": 9.750912537678975}