{"split": "perplexity evaluation", "num_ex": 1327, "avg_loss": 2.273759279919461, "avg_seq_perplexity": 10.040345204172947}