{"split": "perplexity evaluation", "num_ex": 1327, "avg_loss": 2.260561151799171, "avg_seq_perplexity": 9.91426561322532}