{"split": "perplexity evaluation", "num_ex": 1327, "avg_loss": 2.3305268506852865, "avg_seq_perplexity": 10.645136174171062}