{"split": "perplexity evaluation", "num_ex": 1327, "avg_loss": 2.216379425807743, "avg_seq_perplexity": 9.483997474331199}