{"split": "perplexity evaluation", "num_ex": 1327, "avg_loss": 2.2330124487801433, "avg_seq_perplexity": 9.643269151516579}