{"split": "perplexity evaluation", "num_ex": 1327, "avg_loss": 2.201623360375848, "avg_seq_perplexity": 9.339696566503392}