{"split": "perplexity evaluation", "num_ex": 1327, "avg_loss": 2.2662507138399586, "avg_seq_perplexity": 9.96700219597777}