{"split": "perplexity evaluation", "num_ex": 1327, "avg_loss": 2.244384949604371, "avg_seq_perplexity": 9.761582605265637}