{"split": "perplexity evaluation", "num_ex": 1327, "avg_loss": 2.2075868676996984, "avg_seq_perplexity": 9.39564101356443}