{"split": "perplexity evaluation", "num_ex": 1327, "avg_loss": 2.241115268227204, "avg_seq_perplexity": 9.731414403965712}