{"split": "perplexity evaluation", "num_ex": 1327, "avg_loss": 2.2993283649090994, "avg_seq_perplexity": 10.279393280190279}