{"split": "perplexity evaluation", "num_ex": 1327, "avg_loss": 2.2609951591347963, "avg_seq_perplexity": 9.922807407451018}