{"split": "perplexity evaluation", "num_ex": 1327, "avg_loss": 2.212696342784476, "avg_seq_perplexity": 9.449143686416729}