{"split": "perplexity evaluation", "num_ex": 1327, "avg_loss": 2.219463839958553, "avg_seq_perplexity": 9.513794037302185}