{"split": "perplexity evaluation", "num_ex": 1327, "avg_loss": 2.2004136960130936, "avg_seq_perplexity": 9.328131623257347}