{"split": "perplexity evaluation", "num_ex": 1327, "avg_loss": 2.2833983271123777, "avg_seq_perplexity": 10.159582234363226}