{"split": "perplexity evaluation", "num_ex": 1327, "avg_loss": 2.264560679340147, "avg_seq_perplexity": 9.950121720751696}