{"split": "perplexity evaluation", "num_ex": 1327, "avg_loss": 2.2147322585013187, "avg_seq_perplexity": 9.46305031909382}