{"split": "perplexity evaluation", "num_ex": 1327, "avg_loss": 2.2169481060427656, "avg_seq_perplexity": 9.488903836190655}