{"split": "perplexity evaluation", "num_ex": 1327, "avg_loss": 2.2437960316385643, "avg_seq_perplexity": 9.75916364449887}