{"split": "perplexity evaluation", "num_ex": 1327, "avg_loss": 2.218639796356914, "avg_seq_perplexity": 9.506387027835343}