{"split": "perplexity evaluation", "num_ex": 1327, "avg_loss": 2.268795700475697, "avg_seq_perplexity": 9.992802727015825}