{"split": "perplexity evaluation", "num_ex": 1327, "avg_loss": 2.25574089228523, "avg_seq_perplexity": 9.864594862707234}