{"split": "perplexity evaluation", "num_ex": 1327, "avg_loss": 2.310791751542483, "avg_seq_perplexity": 10.402403359316127}