{"split": "perplexity evaluation", "num_ex": 1327, "avg_loss": 2.213266126895723, "avg_seq_perplexity": 9.450298340947626}