{"split": "perplexity evaluation", "num_ex": 1327, "avg_loss": 2.2635294749670307, "avg_seq_perplexity": 9.955229724001507}