{"split": "perplexity evaluation", "num_ex": 1327, "avg_loss": 2.2669570106443104, "avg_seq_perplexity": 9.97711590994725}