{"split": "perplexity evaluation", "num_ex": 1327, "avg_loss": 2.2151130957987943, "avg_seq_perplexity": 9.469273973247928}