{"split": "perplexity evaluation", "num_ex": 1327, "avg_loss": 2.2193505086661642, "avg_seq_perplexity": 9.514468873634137}