{"split": "perplexity evaluation", "num_ex": 1327, "avg_loss": 2.276074476321119, "avg_seq_perplexity": 10.06475779483798}