{"split": "perplexity evaluation", "num_ex": 1327, "avg_loss": 2.264512292765637, "avg_seq_perplexity": 9.95544755557649}