{"split": "perplexity evaluation", "num_ex": 1327, "avg_loss": 2.2657594889200263, "avg_seq_perplexity": 9.967843349660889}