{"split": "perplexity evaluation", "num_ex": 1327, "avg_loss": 2.3027003388164093, "avg_seq_perplexity": 10.315320035795027}