{"split": "perplexity evaluation", "num_ex": 1327, "avg_loss": 2.2018538865274113, "avg_seq_perplexity": 9.342504827618688}