{"split": "perplexity evaluation", "num_ex": 1327, "avg_loss": 2.256505694529484, "avg_seq_perplexity": 9.87839110776187}