{"split": "perplexity evaluation", "num_ex": 1327, "avg_loss": 2.2587465632653543, "avg_seq_perplexity": 9.899575228428787}