{"split": "perplexity evaluation", "num_ex": 1327, "avg_loss": 2.2536194261609834, "avg_seq_perplexity": 9.846834230171439}