{"split": "perplexity evaluation", "num_ex": 1327, "avg_loss": 2.27514170091136, "avg_seq_perplexity": 10.05687759042954}