{"split": "perplexity evaluation", "num_ex": 1327, "avg_loss": 2.4202535898054824, "avg_seq_perplexity": 11.688006311228335}