{"split": "perplexity evaluation", "num_ex": 1327, "avg_loss": 2.2686728022560287, "avg_seq_perplexity": 9.992297151704973}