{"split": "perplexity evaluation", "num_ex": 1327, "avg_loss": 2.2465616095398455, "avg_seq_perplexity": 9.786547134042953}