{"split": "perplexity evaluation", "num_ex": 1327, "avg_loss": 2.215272789892615, "avg_seq_perplexity": 9.472227946024868}