{"split": "perplexity evaluation", "num_ex": 1327, "avg_loss": 2.2117129730477583, "avg_seq_perplexity": 9.43794964558214}