{"split": "perplexity evaluation", "num_ex": 1327, "avg_loss": 2.2169435065584966, "avg_seq_perplexity": 9.485454590947626}