{"split": "perplexity evaluation", "num_ex": 1327, "avg_loss": 2.2156589625918426, "avg_seq_perplexity": 9.478057148408062}