{"split": "perplexity evaluation", "num_ex": 1327, "avg_loss": 2.402234282274397, "avg_seq_perplexity": 11.463943722918236}