{"split": "perplexity evaluation", "num_ex": 1327, "avg_loss": 2.266642405920309, "avg_seq_perplexity": 9.969704484975509}