{"split": "perplexity evaluation", "num_ex": 1327, "avg_loss": 2.274504948309156, "avg_seq_perplexity": 10.04935724967031}