{"split": "perplexity evaluation", "num_ex": 1327, "avg_loss": 2.256976681718632, "avg_seq_perplexity": 9.86702339040128}