{"split": "perplexity evaluation", "num_ex": 1327, "avg_loss": 2.249868454749906, "avg_seq_perplexity": 9.809652735258101}