{"split": "perplexity evaluation", "num_ex": 1327, "avg_loss": 2.2681245437311603, "avg_seq_perplexity": 9.986832228475885}