{"split": "perplexity evaluation", "num_ex": 1327, "avg_loss": 2.3217221499387715, "avg_seq_perplexity": 10.512534146571213}