{"split": "perplexity evaluation", "num_ex": 1327, "avg_loss": 2.2548533758006784, "avg_seq_perplexity": 9.852243223671817}