{"split": "perplexity evaluation", "num_ex": 1327, "avg_loss": 2.2624208152788245, "avg_seq_perplexity": 9.937600820695177}