{"split": "perplexity evaluation", "num_ex": 1327, "avg_loss": 2.3884452124152222, "avg_seq_perplexity": 11.305902499764507}