{"split": "perplexity evaluation", "num_ex": 1327, "avg_loss": 2.278673920850603, "avg_seq_perplexity": 10.093284164233232}